home_team,away_team,market_name,player_name,line,over_price,under_price,agency,match
Manchester United,Tottenham Hotspur,Player shots,Dominic Solanke,2.5,1.89,NA,Dabble,Manchester United v Tottenham Hotspur
Manchester United,Tottenham Hotspur,Player shots,Harry Maguire,1,1.89,NA,Dabble,Manchester United v Tottenham Hotspur
Manchester United,Tottenham Hotspur,Player shots,Wilson Odobert,1.5,1.89,NA,Dabble,Manchester United v Tottenham Hotspur
Manchester United,Tottenham Hotspur,Player shots,Bryan Mbeumo,2.5,1.8,1.8,Dabble,Manchester United v Tottenham Hotspur
Manchester United,Tottenham Hotspur,Player shots,Bruno Fernandes,2.5,1.89,NA,Dabble,Manchester United v Tottenham Hotspur
Manchester United,Tottenham Hotspur,Player shots,Mathys Tel,1.5,1.8,1.8,Dabble,Manchester United v Tottenham Hotspur
Burnley,West Ham United,Player shots,Armando Broja,2.5,1.89,NA,Dabble,Burnley v West Ham United
Burnley,West Ham United,Player shots,Taty Castellanos,3.5,2.25,NA,Dabble,Burnley v West Ham United
Burnley,West Ham United,Player shots,Lyle Foster,2.5,1.89,NA,Dabble,Burnley v West Ham United
Burnley,West Ham United,Player shots,Adama Traoré,1.5,1.8,1.8,Dabble,Burnley v West Ham United
Burnley,West Ham United,Player shots,Tomás Soucek,1.5,1.8,1.8,Dabble,Burnley v West Ham United
Burnley,West Ham United,Player shots,Jaidon Anthony,2.5,1.8,1.8,Dabble,Burnley v West Ham United
Burnley,West Ham United,Player shots,Jarrod Bowen,3.5,2.25,NA,Dabble,Burnley v West Ham United
Burnley,West Ham United,Player shots,Lesley Ugochukwu,1.5,1.89,NA,Dabble,Burnley v West Ham United
Arsenal,Sunderland,Player shots,Kai Havertz,3.5,2.25,NA,Dabble,Arsenal v Sunderland
Arsenal,Sunderland,Player shots,Habib Diarra,0.5,1.8,1.8,Dabble,Arsenal v Sunderland
Arsenal,Sunderland,Player shots,Declan Rice,1.5,1.8,1.8,Dabble,Arsenal v Sunderland
Arsenal,Sunderland,Player shots,Dan Ballard,0.5,2.25,NA,Dabble,Arsenal v Sunderland
Arsenal,Sunderland,Player shots,Noah Sadiki,0.5,1.89,NA,Dabble,Arsenal v Sunderland
Arsenal,Sunderland,Player shots,Chemsdine Talbi,0.5,1.8,1.8,Dabble,Arsenal v Sunderland
Arsenal,Sunderland,Player shots,Viktor Gyökeres,3.5,1.89,NA,Dabble,Arsenal v Sunderland
Arsenal,Sunderland,Player shots,Leandro Trossard,2.5,1.8,1.8,Dabble,Arsenal v Sunderland
Fulham,Everton,Player shots,Thierno Barry,2.5,2.25,NA,Dabble,Fulham v Everton
Fulham,Everton,Player shots,Harry Wilson,2.5,1.89,NA,Dabble,Fulham v Everton
Fulham,Everton,Player shots,Iliman Ndiaye,2.5,2.25,NA,Dabble,Fulham v Everton
Fulham,Everton,Player shots,Charly Alcaraz,1.5,1.8,1.8,Dabble,Fulham v Everton
Fulham,Everton,Player shots,Raúl Jiménez,2.5,1.89,NA,Dabble,Fulham v Everton
Fulham,Everton,Player shots,Emile Smith Rowe,1.5,1.8,1.8,Dabble,Fulham v Everton
Wolverhampton Wanderers,Chelsea,Player shots,Estêvão,2.5,1.8,1.8,Dabble,Wolverhampton Wanderers v Chelsea
Wolverhampton Wanderers,Chelsea,Player shots,Liam Delap,3.5,1.89,NA,Dabble,Wolverhampton Wanderers v Chelsea
Wolverhampton Wanderers,Chelsea,Player shots,Cole Palmer,3.5,1.89,NA,Dabble,Wolverhampton Wanderers v Chelsea
Wolverhampton Wanderers,Chelsea,Player shots,Mateus Mané,1.5,1.8,1.8,Dabble,Wolverhampton Wanderers v Chelsea
Wolverhampton Wanderers,Chelsea,Player shots,João Pedro,3.5,1.89,NA,Dabble,Wolverhampton Wanderers v Chelsea
Wolverhampton Wanderers,Chelsea,Player shots,Tolu Arokodare,2.5,1.89,NA,Dabble,Wolverhampton Wanderers v Chelsea
Bournemouth,Aston Villa,Player shots,Rayan Vitor,2.5,1.89,NA,Dabble,Bournemouth v Aston Villa
Bournemouth,Aston Villa,Player shots,Junior Kroupi,3.5,1.89,NA,Dabble,Bournemouth v Aston Villa
Bournemouth,Aston Villa,Player shots,Álex Jiménez,1.5,1.8,1.8,Dabble,Bournemouth v Aston Villa
Bournemouth,Aston Villa,Player shots,Morgan Rogers,2.5,1.8,1.8,Dabble,Bournemouth v Aston Villa
Bournemouth,Aston Villa,Player shots,Evanilson,2.5,1.8,1.8,Dabble,Bournemouth v Aston Villa
Bournemouth,Aston Villa,Player shots,Ollie Watkins,3.5,1.89,NA,Dabble,Bournemouth v Aston Villa
Newcastle United,Brentford,Player shots,Bruno Guimarães,1.5,1.89,NA,Dabble,Newcastle United v Brentford
Newcastle United,Brentford,Player shots,Nick Woltemade,2.5,1.89,NA,Dabble,Newcastle United v Brentford
Newcastle United,Brentford,Player shots,Harvey Barnes,3.5,1.89,NA,Dabble,Newcastle United v Brentford
Newcastle United,Brentford,Player shots,Keane Lewis-Potter,1.5,1.89,NA,Dabble,Newcastle United v Brentford
Newcastle United,Brentford,Player shots,Mikkel Damsgaard,1,1.89,NA,Dabble,Newcastle United v Brentford
Newcastle United,Brentford,Player shots,Igor Thiago,2.5,2.25,NA,Dabble,Newcastle United v Brentford
Newcastle United,Brentford,Player shots,Yoane Wissa,2.5,1.8,1.8,Dabble,Newcastle United v Brentford
Brighton & Hove Albion,Crystal Palace,Player shots,Lewis Dunk,0.5,1.8,1.8,Dabble,Brighton & Hove Albion v Crystal Palace
Brighton & Hove Albion,Crystal Palace,Player shots,Maxence Lacroix,0.5,1.8,1.8,Dabble,Brighton & Hove Albion v Crystal Palace
Brighton & Hove Albion,Crystal Palace,Player shots,Brennan Johnson,1.5,1.8,1.8,Dabble,Brighton & Hove Albion v Crystal Palace
Brighton & Hove Albion,Crystal Palace,Player shots,Maxim De Cuyper,1.5,1.8,1.8,Dabble,Brighton & Hove Albion v Crystal Palace
Brighton & Hove Albion,Crystal Palace,Player shots,Yéremy Pino,1.5,1.8,1.8,Dabble,Brighton & Hove Albion v Crystal Palace
Brighton & Hove Albion,Crystal Palace,Player shots,Danny Welbeck,2.5,2.25,NA,Dabble,Brighton & Hove Albion v Crystal Palace
Brighton & Hove Albion,Crystal Palace,Player shots,Pascal Groß,1.5,2.25,NA,Dabble,Brighton & Hove Albion v Crystal Palace
Brighton & Hove Albion,Crystal Palace,Player shots,Ismaïla Sarr,2.5,2.25,NA,Dabble,Brighton & Hove Albion v Crystal Palace
Liverpool,Manchester City,Player shots,Dominik Szoboszlai,2.5,1.89,NA,Dabble,Liverpool v Manchester City
Liverpool,Manchester City,Player shots,Erling Haaland,3.5,2.25,NA,Dabble,Liverpool v Manchester City
Liverpool,Manchester City,Player shots,Antoine Semenyo,2.5,2.25,NA,Dabble,Liverpool v Manchester City
Liverpool,Manchester City,Player shots,Mohamed Salah,2.5,1.8,1.8,Dabble,Liverpool v Manchester City
Liverpool,Manchester City,Player shots,Rodri,0.5,1.8,1.8,Dabble,Liverpool v Manchester City
Liverpool,Manchester City,Player shots,Tijjani Reijnders,1.5,2.25,NA,Dabble,Liverpool v Manchester City
Liverpool,Manchester City,Player shots,Virgil van Dijk,0.5,1.8,1.8,Dabble,Liverpool v Manchester City
Liverpool,Manchester City,Player shots,Cody Gakpo,2.5,1.89,NA,Dabble,Liverpool v Manchester City
