match,home_team,away_team,market_name,player_name,player_team,opposition_team,line,over_price,agency
Manchester United v Tottenham Hotspur,Manchester United,Tottenham Hotspur,Player Tackles,Manuel Ugarte,Manchester United,Tottenham Hotspur,2.5,1.06,Neds
Manchester United v Tottenham Hotspur,Manchester United,Tottenham Hotspur,Player Tackles,Diogo Dalot,Manchester United,Tottenham Hotspur,2.5,1.38,Neds
Manchester United v Tottenham Hotspur,Manchester United,Tottenham Hotspur,Player Tackles,Matheus Cunha,Manchester United,Tottenham Hotspur,2.5,2.8,Neds
Manchester United v Tottenham Hotspur,Manchester United,Tottenham Hotspur,Player Tackles,Kobbie Mainoo,Manchester United,Tottenham Hotspur,2.5,1.38,Neds
Manchester United v Tottenham Hotspur,Manchester United,Tottenham Hotspur,Player Tackles,Amad Diallo,Manchester United,Tottenham Hotspur,2.5,2.05,Neds
Manchester United v Tottenham Hotspur,Manchester United,Tottenham Hotspur,Player Tackles,Casemiro,Manchester United,Tottenham Hotspur,2.5,1.09,Neds
Manchester United v Tottenham Hotspur,Manchester United,Tottenham Hotspur,Player Tackles,Micky van de Ven,Tottenham Hotspur,Manchester United,2.5,2.45,Neds
Manchester United v Tottenham Hotspur,Manchester United,Tottenham Hotspur,Player Tackles,Ayden Heaven,Manchester United,Tottenham Hotspur,2.5,2.05,Neds
Manchester United v Tottenham Hotspur,Manchester United,Tottenham Hotspur,Player Tackles,Pape Matar Sarr,Tottenham Hotspur,Manchester United,2.5,1.5699999999999998,Neds
Manchester United v Tottenham Hotspur,Manchester United,Tottenham Hotspur,Player Tackles,Luke Shaw,Manchester United,Tottenham Hotspur,2.5,1.48,Neds
Manchester United v Tottenham Hotspur,Manchester United,Tottenham Hotspur,Player Tackles,Conor Gallagher,Tottenham Hotspur,Manchester United,2.5,1.48,Neds
Manchester United v Tottenham Hotspur,Manchester United,Tottenham Hotspur,Player Tackles,Harry Maguire,Manchester United,Tottenham Hotspur,2.5,3.05,Neds
Manchester United v Tottenham Hotspur,Manchester United,Tottenham Hotspur,Player Tackles,Djed Spence,Tottenham Hotspur,Manchester United,2.5,1.48,Neds
Manchester United v Tottenham Hotspur,Manchester United,Tottenham Hotspur,Player Tackles,Archie Gray,Tottenham Hotspur,Manchester United,2.5,1.87,Neds
Manchester United v Tottenham Hotspur,Manchester United,Tottenham Hotspur,Player Tackles,Lisandro Mart<c3><ad>nez,NA,NA,2.5,1.9100000000000001,Neds
Manchester United v Tottenham Hotspur,Manchester United,Tottenham Hotspur,Player Tackles,Wilson Odobert,Tottenham Hotspur,Manchester United,2.5,3.1,Neds
Manchester United v Tottenham Hotspur,Manchester United,Tottenham Hotspur,Player Tackles,Cristian Romero,Tottenham Hotspur,Manchester United,2.5,1.48,Neds
Manchester United v Tottenham Hotspur,Manchester United,Tottenham Hotspur,Player Tackles,Randal Kolo Muani,Tottenham Hotspur,Manchester United,2.5,3.15,Neds
Manchester United v Tottenham Hotspur,Manchester United,Tottenham Hotspur,Player Tackles,Destiny Udogie,Tottenham Hotspur,Manchester United,2.5,1.32,Neds
Manchester United v Tottenham Hotspur,Manchester United,Tottenham Hotspur,Player Tackles,Radu Matei Dragusin,NA,NA,2.5,3.1,Neds
Manchester United v Tottenham Hotspur,Manchester United,Tottenham Hotspur,Player Tackles,Noussair Mazraoui,Manchester United,Tottenham Hotspur,2.5,1.2,Neds
Manchester United v Tottenham Hotspur,Manchester United,Tottenham Hotspur,Player Tackles,Xavi Simons,Tottenham Hotspur,Manchester United,2.5,2.3,Neds
Manchester United v Tottenham Hotspur,Manchester United,Tottenham Hotspur,Player Tackles,Yves Bissouma,Tottenham Hotspur,Manchester United,2.5,1.4,Neds
Manchester United v Tottenham Hotspur,Manchester United,Tottenham Hotspur,Player Tackles,Leny Yoro,Manchester United,Tottenham Hotspur,2.5,2.05,Neds
Manchester United v Tottenham Hotspur,Manchester United,Tottenham Hotspur,Player Tackles,Bruno Fernandes,Manchester United,Tottenham Hotspur,2.5,1.88,Neds
Burnley v West Ham United,Burnley,West Ham United,Player Tackles,Mateus Fernandes,West Ham United,Burnley,2.5,1.44,Neds
Burnley v West Ham United,Burnley,West Ham United,Player Tackles,Mateus Fernandes,Southampton,Burnley,2.5,1.44,Neds
Burnley v West Ham United,Burnley,West Ham United,Player Tackles,Konstantinos Mavropanos,West Ham United,Burnley,2.5,2.95,Neds
Burnley v West Ham United,Burnley,West Ham United,Player Tackles,Lesley Ugochukwu,NA,NA,2.5,1.46,Neds
Burnley v West Ham United,Burnley,West Ham United,Player Tackles,Kyle Walker,NA,NA,2.5,1.62,Neds
Burnley v West Ham United,Burnley,West Ham United,Player Tackles,Quilindschy Hartman,NA,NA,2.5,1.67,Neds
Burnley v West Ham United,Burnley,West Ham United,Player Tackles,Marcus Edwards,NA,NA,2.5,2.75,Neds
Burnley v West Ham United,Burnley,West Ham United,Player Tackles,Crysencio Summerville,West Ham United,Burnley,2.5,2.6,Neds
Burnley v West Ham United,Burnley,West Ham United,Player Tackles,Florentino Luis,NA,NA,2.5,1.08,Neds
Burnley v West Ham United,Burnley,West Ham United,Player Tackles,El Hadji Malick Diouf,West Ham United,Burnley,2.5,1.9100000000000001,Neds
Burnley v West Ham United,Burnley,West Ham United,Player Tackles,Tomas Soucek,NA,NA,2.5,2.45,Neds
Burnley v West Ham United,Burnley,West Ham United,Player Tackles,Lucas Pires,NA,NA,2.5,1.62,Neds
Burnley v West Ham United,Burnley,West Ham United,Player Tackles,Axel Tuanzebe,NA,NA,2.5,2.25,Neds
Burnley v West Ham United,Burnley,West Ham United,Player Tackles,Oliver Scarles,West Ham United,Burnley,2.5,1.42,Neds
Burnley v West Ham United,Burnley,West Ham United,Player Tackles,Hjalmar Ekdal,NA,NA,2.5,2.7,Neds
Burnley v West Ham United,Burnley,West Ham United,Player Tackles,Bashir Humphreys,NA,NA,2.5,1.5699999999999998,Neds
Burnley v West Ham United,Burnley,West Ham United,Player Tackles,Jaidon Anthony,NA,NA,2.5,2.2,Neds
Burnley v West Ham United,Burnley,West Ham United,Player Tackles,Jacob Bruun Larsen,NA,NA,2.5,2.85,Neds
Burnley v West Ham United,Burnley,West Ham United,Player Tackles,Josh Laurent,NA,NA,2.5,1.55,Neds
Burnley v West Ham United,Burnley,West Ham United,Player Tackles,Soungoutou Magassa,West Ham United,Burnley,2.5,1.3,Neds
Burnley v West Ham United,Burnley,West Ham United,Player Tackles,Aaron Wan-Bissaka,West Ham United,Burnley,2.5,1.83,Neds
Burnley v West Ham United,Burnley,West Ham United,Player Tackles,Freddie Potts,West Ham United,Burnley,2.5,1.3599999999999999,Neds
Burnley v West Ham United,Burnley,West Ham United,Player Tackles,Armando Broja,NA,NA,2.5,3.15,Neds
Burnley v West Ham United,Burnley,West Ham United,Player Tackles,Loum Tchaouna,NA,NA,2.5,2.3,Neds
Arsenal v Sunderland AFC,Arsenal,Sunderland AFC,Player Tackles,Declan Rice,Arsenal,Sunderland AFC,3.5,3.05,Neds
Arsenal v Sunderland AFC,Arsenal,Sunderland AFC,Player Tackles,Nordi Mukiele,NA,NA,3.5,2.1,Neds
Arsenal v Sunderland AFC,Arsenal,Sunderland AFC,Player Tackles,Piero Hincapie,NA,NA,3.5,3.15,Neds
Arsenal v Sunderland AFC,Arsenal,Sunderland AFC,Player Tackles,Reinildo Mandava,NA,NA,3.5,2.7,Neds
Arsenal v Sunderland AFC,Arsenal,Sunderland AFC,Player Tackles,Jurrien Timber,NA,NA,3.5,2.75,Neds
Arsenal v Sunderland AFC,Arsenal,Sunderland AFC,Player Tackles,Riccardo Calafiori,Arsenal,Sunderland AFC,3.5,3.05,Neds
Arsenal v Sunderland AFC,Arsenal,Sunderland AFC,Player Tackles,Dennis Cirkin,NA,NA,3.5,2.25,Neds
Arsenal v Sunderland AFC,Arsenal,Sunderland AFC,Player Tackles,Enzo Le Fee,NA,NA,3.5,1.94,Neds
Arsenal v Sunderland AFC,Arsenal,Sunderland AFC,Player Tackles,Lutsharel Geertruida,NA,NA,3.5,3.7,Neds
Arsenal v Sunderland AFC,Arsenal,Sunderland AFC,Player Tackles,Trai Hume,NA,NA,3.5,2.35,Neds
Arsenal v Sunderland AFC,Arsenal,Sunderland AFC,Player Tackles,Noah Sadiki,NA,NA,3.5,3.3,Neds
Wolverhampton Wanderers v Chelsea,Wolverhampton Wanderers,Chelsea,Player Tackles,Jo<c3><a3>o Pedro,NA,NA,0.5,1.46,Neds
Wolverhampton Wanderers v Chelsea,Wolverhampton Wanderers,Chelsea,Player Tackles,Hwang Hee-chan,NA,NA,0.5,1.33,Neds
Wolverhampton Wanderers v Chelsea,Wolverhampton Wanderers,Chelsea,Player Tackles,Reece James,Chelsea,Wolverhampton Wanderers,0.5,1.01,Neds
Wolverhampton Wanderers v Chelsea,Wolverhampton Wanderers,Chelsea,Player Tackles,Pedro Neto,Chelsea,Wolverhampton Wanderers,0.5,1.26,Neds
Wolverhampton Wanderers v Chelsea,Wolverhampton Wanderers,Chelsea,Player Tackles,Jackson Tchatchoua,Wolverhampton Wanderers,Chelsea,0.5,1.01,Neds
Wolverhampton Wanderers v Chelsea,Wolverhampton Wanderers,Chelsea,Player Tackles,David Moller Wolfe,NA,NA,0.5,1.02,Neds
Wolverhampton Wanderers v Chelsea,Wolverhampton Wanderers,Chelsea,Player Tackles,Beno<c3><ae>t Badiashile,NA,NA,0.5,1.13,Neds
Wolverhampton Wanderers v Chelsea,Wolverhampton Wanderers,Chelsea,Player Tackles,Ladislav Krejci,Wolverhampton Wanderers,Chelsea,0.5,1.06,Neds
Wolverhampton Wanderers v Chelsea,Wolverhampton Wanderers,Chelsea,Player Tackles,Hugo Bueno,Wolverhampton Wanderers,Chelsea,0.5,1.01,Neds
Wolverhampton Wanderers v Chelsea,Wolverhampton Wanderers,Chelsea,Player Tackles,Cole Palmer,Chelsea,Wolverhampton Wanderers,0.5,1.22,Neds
Wolverhampton Wanderers v Chelsea,Wolverhampton Wanderers,Chelsea,Player Tackles,Yerson Mosquera,Wolverhampton Wanderers,Chelsea,0.5,1.01,Neds
Wolverhampton Wanderers v Chelsea,Wolverhampton Wanderers,Chelsea,Player Tackles,Alejandro Garnacho,Chelsea,Wolverhampton Wanderers,0.5,1.19,Neds
Wolverhampton Wanderers v Chelsea,Wolverhampton Wanderers,Chelsea,Player Tackles,Santiago Bueno,Wolverhampton Wanderers,Chelsea,0.5,1.01,Neds
Wolverhampton Wanderers v Chelsea,Wolverhampton Wanderers,Chelsea,Player Tackles,Wesley Fofana,Chelsea,Wolverhampton Wanderers,0.5,1.06,Neds
Wolverhampton Wanderers v Chelsea,Wolverhampton Wanderers,Chelsea,Player Tackles,Rodrigo Gomes,Wolverhampton Wanderers,Chelsea,0.5,1.05,Neds
Wolverhampton Wanderers v Chelsea,Wolverhampton Wanderers,Chelsea,Player Tackles,Jorrel Hato,Chelsea,Wolverhampton Wanderers,0.5,1.01,Neds
Wolverhampton Wanderers v Chelsea,Wolverhampton Wanderers,Chelsea,Player Tackles,Jo<c3><a3>o Gomes,NA,NA,0.5,1.01,Neds
Wolverhampton Wanderers v Chelsea,Wolverhampton Wanderers,Chelsea,Player Tackles,Jeanricner Bellegarde,NA,NA,0.5,1.01,Neds
Wolverhampton Wanderers v Chelsea,Wolverhampton Wanderers,Chelsea,Player Tackles,Trevoh Chalobah,Chelsea,Wolverhampton Wanderers,0.5,1.04,Neds
Wolverhampton Wanderers v Chelsea,Wolverhampton Wanderers,Chelsea,Player Tackles,Mois<c3><a9>s Caicedo,NA,NA,0.5,1.01,Neds
Wolverhampton Wanderers v Chelsea,Wolverhampton Wanderers,Chelsea,Player Tackles,Mateus Mane,NA,NA,0.5,1.05,Neds
Wolverhampton Wanderers v Chelsea,Wolverhampton Wanderers,Chelsea,Player Tackles,Marc Cucurella,Chelsea,Wolverhampton Wanderers,0.5,1.01,Neds
Wolverhampton Wanderers v Chelsea,Wolverhampton Wanderers,Chelsea,Player Tackles,Emmanuel Agbadou,Wolverhampton Wanderers,Chelsea,0.5,1.01,Neds
Wolverhampton Wanderers v Chelsea,Wolverhampton Wanderers,Chelsea,Player Tackles,Malo Gusto,Chelsea,Wolverhampton Wanderers,0.5,1.01,Neds
Wolverhampton Wanderers v Chelsea,Wolverhampton Wanderers,Chelsea,Player Tackles,Tolu Arokodare,Wolverhampton Wanderers,Chelsea,0.5,1.48,Neds
Wolverhampton Wanderers v Chelsea,Wolverhampton Wanderers,Chelsea,Player Tackles,Enzo Fern<c3><a1>ndez,NA,NA,0.5,1.01,Neds
Wolverhampton Wanderers v Chelsea,Wolverhampton Wanderers,Chelsea,Player Tackles,Liam Delap,Chelsea,Wolverhampton Wanderers,0.5,1.52,Neds
Wolverhampton Wanderers v Chelsea,Wolverhampton Wanderers,Chelsea,Player Tackles,Jhon Arias,Wolverhampton Wanderers,Chelsea,0.5,1.01,Neds
Wolverhampton Wanderers v Chelsea,Wolverhampton Wanderers,Chelsea,Player Tackles,Hugo Bueno,Wolverhampton Wanderers,Chelsea,4.5,2.9,Neds
Wolverhampton Wanderers v Chelsea,Wolverhampton Wanderers,Chelsea,Player Tackles,Emmanuel Agbadou,Wolverhampton Wanderers,Chelsea,4.5,3.35,Neds
Wolverhampton Wanderers v Chelsea,Wolverhampton Wanderers,Chelsea,Player Tackles,Jeanricner Bellegarde,NA,NA,4.5,3.45,Neds
Wolverhampton Wanderers v Chelsea,Wolverhampton Wanderers,Chelsea,Player Tackles,Marc Cucurella,Chelsea,Wolverhampton Wanderers,4.5,3.15,Neds
Wolverhampton Wanderers v Chelsea,Wolverhampton Wanderers,Chelsea,Player Tackles,Jhon Arias,Wolverhampton Wanderers,Chelsea,4.5,2.6,Neds
Wolverhampton Wanderers v Chelsea,Wolverhampton Wanderers,Chelsea,Player Tackles,Reece James,Chelsea,Wolverhampton Wanderers,4.5,3.7,Neds
Wolverhampton Wanderers v Chelsea,Wolverhampton Wanderers,Chelsea,Player Tackles,Malo Gusto,Chelsea,Wolverhampton Wanderers,4.5,2.9,Neds
Wolverhampton Wanderers v Chelsea,Wolverhampton Wanderers,Chelsea,Player Tackles,Enzo Fern<c3><a1>ndez,NA,NA,4.5,4.1,Neds
Wolverhampton Wanderers v Chelsea,Wolverhampton Wanderers,Chelsea,Player Tackles,Yerson Mosquera,Wolverhampton Wanderers,Chelsea,4.5,3,Neds
Wolverhampton Wanderers v Chelsea,Wolverhampton Wanderers,Chelsea,Player Tackles,Jackson Tchatchoua,Wolverhampton Wanderers,Chelsea,4.5,4.4,Neds
Wolverhampton Wanderers v Chelsea,Wolverhampton Wanderers,Chelsea,Player Tackles,Mois<c3><a9>s Caicedo,NA,NA,4.5,1.78,Neds
Wolverhampton Wanderers v Chelsea,Wolverhampton Wanderers,Chelsea,Player Tackles,Jo<c3><a3>o Gomes,NA,NA,4.5,1.5,Neds
Wolverhampton Wanderers v Chelsea,Wolverhampton Wanderers,Chelsea,Player Tackles,Santiago Bueno,Wolverhampton Wanderers,Chelsea,4.5,4.2,Neds
Wolverhampton Wanderers v Chelsea,Wolverhampton Wanderers,Chelsea,Player Tackles,Jorrel Hato,Chelsea,Wolverhampton Wanderers,4.5,2.9,Neds
Bournemouth v Aston Villa,Bournemouth,Aston Villa,Player Tackles,Ian Maatsen,Aston Villa,Bournemouth,0.5,1.01,Neds
Bournemouth v Aston Villa,Bournemouth,Aston Villa,Player Tackles,Morgan Rogers,Aston Villa,Bournemouth,0.5,1.28,Neds
Bournemouth v Aston Villa,Bournemouth,Aston Villa,Player Tackles,Adrien Truffert,Bournemouth,Aston Villa,0.5,1.01,Neds
Bournemouth v Aston Villa,Bournemouth,Aston Villa,Player Tackles,Marcos Senesi,Bournemouth,Aston Villa,0.5,1.01,Neds
Bournemouth v Aston Villa,Bournemouth,Aston Villa,Player Tackles,Alex Scott,Bournemouth,Aston Villa,0.5,1.01,Neds
Bournemouth v Aston Villa,Bournemouth,Aston Villa,Player Tackles,Amine Adli,Bournemouth,Aston Villa,0.5,1.06,Neds
Bournemouth v Aston Villa,Bournemouth,Aston Villa,Player Tackles,Harvey Elliott,Liverpool,Bournemouth,0.5,1.09,Neds
Bournemouth v Aston Villa,Bournemouth,Aston Villa,Player Tackles,Harvey Elliott,Aston Villa,Bournemouth,0.5,1.09,Neds
Bournemouth v Aston Villa,Bournemouth,Aston Villa,Player Tackles,Ezri Konsa,Aston Villa,Bournemouth,0.5,1.42,Neds
Bournemouth v Aston Villa,Bournemouth,Aston Villa,Player Tackles,Alex Jimenez,NA,NA,0.5,1.01,Neds
Bournemouth v Aston Villa,Bournemouth,Aston Villa,Player Tackles,Lucas Digne,Aston Villa,Bournemouth,0.5,1.01,Neds
Bournemouth v Aston Villa,Bournemouth,Aston Villa,Player Tackles,Victor Lindelof,NA,NA,0.5,1.28,Neds
Bournemouth v Aston Villa,Bournemouth,Aston Villa,Player Tackles,Lewis Cook,Bournemouth,Aston Villa,0.5,1.01,Neds
Bournemouth v Aston Villa,Bournemouth,Aston Villa,Player Tackles,Emiliano Buend<c3><ad>a,NA,NA,0.5,1.01,Neds
Bournemouth v Aston Villa,Bournemouth,Aston Villa,Player Tackles,Pau Torres,Aston Villa,Bournemouth,0.5,1.19,Neds
Bournemouth v Aston Villa,Bournemouth,Aston Villa,Player Tackles,Evanilson,Bournemouth,Aston Villa,0.5,1.55,Neds
Bournemouth v Aston Villa,Bournemouth,Aston Villa,Player Tackles,Adam Smith,Bournemouth,Aston Villa,0.5,1.09,Neds
Bournemouth v Aston Villa,Bournemouth,Aston Villa,Player Tackles,Matthew Cash,NA,NA,0.5,1.01,Neds
Bournemouth v Aston Villa,Bournemouth,Aston Villa,Player Tackles,Jadon Sancho,Aston Villa,Bournemouth,0.5,1.48,Neds
Bournemouth v Aston Villa,Bournemouth,Aston Villa,Player Tackles,Amadou Onana,Aston Villa,Bournemouth,0.5,1.01,Neds
Bournemouth v Aston Villa,Bournemouth,Aston Villa,Player Tackles,Lamare Bogarde,Aston Villa,Bournemouth,0.5,1.01,Neds
Bournemouth v Aston Villa,Bournemouth,Aston Villa,Player Tackles,Eli Junior Kroupi,NA,NA,0.5,1.18,Neds
Bournemouth v Aston Villa,Bournemouth,Aston Villa,Player Tackles,Leon Bailey,Aston Villa,Bournemouth,0.5,1.44,Neds
Bournemouth v Aston Villa,Bournemouth,Aston Villa,Player Tackles,David Brooks,Bournemouth,Aston Villa,0.5,1.11,Neds
Bournemouth v Aston Villa,Bournemouth,Aston Villa,Player Tackles,James Hill,Bournemouth,Aston Villa,0.5,1.01,Neds
Bournemouth v Aston Villa,Bournemouth,Aston Villa,Player Tackles,Bafode Diakite,NA,NA,0.5,1.03,Neds
Bournemouth v Aston Villa,Bournemouth,Aston Villa,Player Tackles,Ryan Christie,Bournemouth,Aston Villa,0.5,1.01,Neds
Arsenal v Sunderland AFC,Arsenal,Sunderland AFC,Player Tackles,Reinildo Mandava,NA,NA,4.5,4.6,Neds
Arsenal v Sunderland AFC,Arsenal,Sunderland AFC,Player Tackles,Nordi Mukiele,NA,NA,4.5,3.4,Neds
Arsenal v Sunderland AFC,Arsenal,Sunderland AFC,Player Tackles,Enzo Le Fee,NA,NA,4.5,2.95,Neds
Arsenal v Sunderland AFC,Arsenal,Sunderland AFC,Player Tackles,Trai Hume,NA,NA,4.5,3.8,Neds
Arsenal v Sunderland AFC,Arsenal,Sunderland AFC,Player Tackles,Dennis Cirkin,NA,NA,4.5,3.7,Neds
Burnley v West Ham United,Burnley,West Ham United,Player Tackles,Mateus Fernandes,West Ham United,Burnley,4.5,3.2,Neds
Burnley v West Ham United,Burnley,West Ham United,Player Tackles,Mateus Fernandes,Southampton,Burnley,4.5,3.2,Neds
Burnley v West Ham United,Burnley,West Ham United,Player Tackles,Freddie Potts,West Ham United,Burnley,4.5,2.9,Neds
Burnley v West Ham United,Burnley,West Ham United,Player Tackles,Bashir Humphreys,NA,NA,4.5,3.9,Neds
Burnley v West Ham United,Burnley,West Ham United,Player Tackles,Josh Laurent,NA,NA,4.5,3.9,Neds
Burnley v West Ham United,Burnley,West Ham United,Player Tackles,Florentino Luis,NA,NA,4.5,1.7,Neds
Burnley v West Ham United,Burnley,West Ham United,Player Tackles,Soungoutou Magassa,West Ham United,Burnley,4.5,2.6,Neds
Burnley v West Ham United,Burnley,West Ham United,Player Tackles,Oliver Scarles,West Ham United,Burnley,4.5,3.15,Neds
Burnley v West Ham United,Burnley,West Ham United,Player Tackles,Lucas Pires,NA,NA,4.5,4.1,Neds
Burnley v West Ham United,Burnley,West Ham United,Player Tackles,Quilindschy Hartman,NA,NA,4.5,4.4,Neds
Burnley v West Ham United,Burnley,West Ham United,Player Tackles,Kyle Walker,NA,NA,4.5,4.2,Neds
Burnley v West Ham United,Burnley,West Ham United,Player Tackles,Lesley Ugochukwu,NA,NA,4.5,3.35,Neds
Arsenal v Sunderland AFC,Arsenal,Sunderland AFC,Player Tackles,Lutsharel Geertruida,NA,NA,0.5,1.04,Neds
Arsenal v Sunderland AFC,Arsenal,Sunderland AFC,Player Tackles,Wilson Isidor,NA,NA,0.5,1.6,Neds
Arsenal v Sunderland AFC,Arsenal,Sunderland AFC,Player Tackles,Omar Alderete,NA,NA,0.5,1.26,Neds
Arsenal v Sunderland AFC,Arsenal,Sunderland AFC,Player Tackles,Martin <c3><98>degaard,NA,NA,0.5,1.2,Neds
Arsenal v Sunderland AFC,Arsenal,Sunderland AFC,Player Tackles,Enzo Le Fee,NA,NA,0.5,1.01,Neds
Arsenal v Sunderland AFC,Arsenal,Sunderland AFC,Player Tackles,Romaine Mundle,NA,NA,0.5,1.18,Neds
Arsenal v Sunderland AFC,Arsenal,Sunderland AFC,Player Tackles,Jurrien Timber,NA,NA,0.5,1.01,Neds
Arsenal v Sunderland AFC,Arsenal,Sunderland AFC,Player Tackles,Martin Zubimendi,NA,NA,0.5,1.1,Neds
Arsenal v Sunderland AFC,Arsenal,Sunderland AFC,Player Tackles,Noah Sadiki,NA,NA,0.5,1.02,Neds
Arsenal v Sunderland AFC,Arsenal,Sunderland AFC,Player Tackles,Chris Rigg,NA,NA,0.5,1.1,Neds
Arsenal v Sunderland AFC,Arsenal,Sunderland AFC,Player Tackles,Eberechi Eze,Arsenal,Sunderland AFC,0.5,1.35,Neds
Arsenal v Sunderland AFC,Arsenal,Sunderland AFC,Player Tackles,Eberechi Eze,Crystal Palace,Arsenal,0.5,1.35,Neds
Arsenal v Sunderland AFC,Arsenal,Sunderland AFC,Player Tackles,Nordi Mukiele,NA,NA,0.5,1.01,Neds
Arsenal v Sunderland AFC,Arsenal,Sunderland AFC,Player Tackles,Riccardo Calafiori,Arsenal,Sunderland AFC,0.5,1.01,Neds
Arsenal v Sunderland AFC,Arsenal,Sunderland AFC,Player Tackles,Daniel Ballard,NA,NA,0.5,1.12,Neds
Arsenal v Sunderland AFC,Arsenal,Sunderland AFC,Player Tackles,Piero Hincapie,NA,NA,0.5,1.02,Neds
Arsenal v Sunderland AFC,Arsenal,Sunderland AFC,Player Tackles,Leandro Trossard,Arsenal,Sunderland AFC,0.5,1.35,Neds
Arsenal v Sunderland AFC,Arsenal,Sunderland AFC,Player Tackles,Dennis Cirkin,NA,NA,0.5,1.01,Neds
Arsenal v Sunderland AFC,Arsenal,Sunderland AFC,Player Tackles,Gabriel Jesus,Arsenal,Sunderland AFC,0.5,1.35,Neds
Arsenal v Sunderland AFC,Arsenal,Sunderland AFC,Player Tackles,William Saliba,Arsenal,Sunderland AFC,0.5,1.1400000000000001,Neds
Arsenal v Sunderland AFC,Arsenal,Sunderland AFC,Player Tackles,Kai Havertz,Arsenal,Sunderland AFC,0.5,1.42,Neds
Arsenal v Sunderland AFC,Arsenal,Sunderland AFC,Player Tackles,Chemsdine Talbi,NA,NA,0.5,1.24,Neds
Arsenal v Sunderland AFC,Arsenal,Sunderland AFC,Player Tackles,Declan Rice,Arsenal,Sunderland AFC,0.5,1.02,Neds
Arsenal v Sunderland AFC,Arsenal,Sunderland AFC,Player Tackles,Noni Madueke,Arsenal,Sunderland AFC,0.5,1.38,Neds
Arsenal v Sunderland AFC,Arsenal,Sunderland AFC,Player Tackles,Brian Brobbey,NA,NA,0.5,1.58,Neds
Arsenal v Sunderland AFC,Arsenal,Sunderland AFC,Player Tackles,Trai Hume,NA,NA,0.5,1.01,Neds
Arsenal v Sunderland AFC,Arsenal,Sunderland AFC,Player Tackles,Eliezer Mayenda,NA,NA,0.5,1.65,Neds
Arsenal v Sunderland AFC,Arsenal,Sunderland AFC,Player Tackles,Luke O'Nien,NA,NA,0.5,1.12,Neds
Arsenal v Sunderland AFC,Arsenal,Sunderland AFC,Player Tackles,Gabriel Martinelli,Arsenal,Sunderland AFC,0.5,1.4,Neds
Arsenal v Sunderland AFC,Arsenal,Sunderland AFC,Player Tackles,Reinildo Mandava,NA,NA,0.5,1.01,Neds
Arsenal v Sunderland AFC,Arsenal,Sunderland AFC,Player Tackles,Gabriel Magalh<c3><a3>es,NA,NA,0.5,1.22,Neds
Fulham v Everton,Fulham,Everton,Player Tackles,Antonee Robinson,Fulham,Everton,2.5,1.38,Neds
Fulham v Everton,Fulham,Everton,Player Tackles,Idrissa Gueye,Everton,Fulham,2.5,1.3,Neds
Fulham v Everton,Fulham,Everton,Player Tackles,Nathan Patterson,Everton,Fulham,2.5,1.26,Neds
Fulham v Everton,Fulham,Everton,Player Tackles,Michael Keane,Everton,Fulham,2.5,3.1,Neds
Fulham v Everton,Fulham,Everton,Player Tackles,Adam Aznou,Everton,Fulham,2.5,1.2,Neds
Fulham v Everton,Fulham,Everton,Player Tackles,Sander Berge,Fulham,Everton,2.5,1.83,Neds
Fulham v Everton,Fulham,Everton,Player Tackles,Jorge Cuenca,Fulham,Everton,2.5,2.02,Neds
Fulham v Everton,Fulham,Everton,Player Tackles,Samuel Chukwueze,Fulham,Everton,2.5,3.15,Neds
Fulham v Everton,Fulham,Everton,Player Tackles,Alexander Iwobi,NA,NA,2.5,2.35,Neds
Fulham v Everton,Fulham,Everton,Player Tackles,Issa Diop,Fulham,Everton,2.5,2.75,Neds
Fulham v Everton,Fulham,Everton,Player Tackles,Dwight McNeil,Everton,Fulham,2.5,1.98,Neds
Fulham v Everton,Fulham,Everton,Player Tackles,Harry Wilson,Fulham,Everton,2.5,2.8,Neds
Fulham v Everton,Fulham,Everton,Player Tackles,Iliman Ndiaye,Everton,Fulham,2.5,1.62,Neds
Fulham v Everton,Fulham,Everton,Player Tackles,Timothy Castagne,Fulham,Everton,2.5,1.46,Neds
Fulham v Everton,Fulham,Everton,Player Tackles,Harrison Armstrong,Everton,Fulham,2.5,1.46,Neds
Fulham v Everton,Fulham,Everton,Player Tackles,Calvin Bassey,Fulham,Everton,2.5,1.96,Neds
Fulham v Everton,Fulham,Everton,Player Tackles,Jake O'Brien,Everton,Fulham,2.5,2.35,Neds
Fulham v Everton,Fulham,Everton,Player Tackles,Ryan Sessegnon,Fulham,Everton,2.5,1.26,Neds
Fulham v Everton,Fulham,Everton,Player Tackles,Kenny Tete,Fulham,Everton,2.5,1.18,Neds
Fulham v Everton,Fulham,Everton,Player Tackles,Joachim Andersen,Fulham,Everton,2.5,3.05,Neds
Fulham v Everton,Fulham,Everton,Player Tackles,James Tarkowski,Everton,Fulham,2.5,2.2,Neds
Fulham v Everton,Fulham,Everton,Player Tackles,James Garner,Everton,Fulham,2.5,1.35,Neds
Fulham v Everton,Fulham,Everton,Player Tackles,Oscar Bobb,Manchester City,Fulham,2.5,1.87,Neds
Fulham v Everton,Fulham,Everton,Player Tackles,Tom Cairney,Fulham,Everton,2.5,2,Neds
Fulham v Everton,Fulham,Everton,Player Tackles,Merlin Rohl,NA,NA,2.5,1.94,Neds
Fulham v Everton,Fulham,Everton,Player Tackles,Jarrad Branthwaite,Everton,Fulham,2.5,2.55,Neds
Fulham v Everton,Fulham,Everton,Player Tackles,Joshua King,NA,NA,2.5,1.77,Neds
Fulham v Everton,Fulham,Everton,Player Tackles,Vitaliy Mykolenko,Everton,Fulham,2.5,1.62,Neds
Wolverhampton Wanderers v Chelsea,Wolverhampton Wanderers,Chelsea,Player Tackles,Santiago Bueno,Wolverhampton Wanderers,Chelsea,3.5,2.5,Neds
Wolverhampton Wanderers v Chelsea,Wolverhampton Wanderers,Chelsea,Player Tackles,Wesley Fofana,Chelsea,Wolverhampton Wanderers,3.5,3.8,Neds
Wolverhampton Wanderers v Chelsea,Wolverhampton Wanderers,Chelsea,Player Tackles,Yerson Mosquera,Wolverhampton Wanderers,Chelsea,3.5,1.94,Neds
Wolverhampton Wanderers v Chelsea,Wolverhampton Wanderers,Chelsea,Player Tackles,Jackson Tchatchoua,Wolverhampton Wanderers,Chelsea,3.5,2.6,Neds
Wolverhampton Wanderers v Chelsea,Wolverhampton Wanderers,Chelsea,Player Tackles,Jhon Arias,Wolverhampton Wanderers,Chelsea,3.5,1.75,Neds
Wolverhampton Wanderers v Chelsea,Wolverhampton Wanderers,Chelsea,Player Tackles,Jeanricner Bellegarde,NA,NA,3.5,2.2,Neds
Wolverhampton Wanderers v Chelsea,Wolverhampton Wanderers,Chelsea,Player Tackles,Emmanuel Agbadou,Wolverhampton Wanderers,Chelsea,3.5,2.15,Neds
Wolverhampton Wanderers v Chelsea,Wolverhampton Wanderers,Chelsea,Player Tackles,Mois<c3><a9>s Caicedo,NA,NA,3.5,1.35,Neds
Wolverhampton Wanderers v Chelsea,Wolverhampton Wanderers,Chelsea,Player Tackles,Reece James,Chelsea,Wolverhampton Wanderers,3.5,2.25,Neds
Wolverhampton Wanderers v Chelsea,Wolverhampton Wanderers,Chelsea,Player Tackles,Rodrigo Gomes,Wolverhampton Wanderers,Chelsea,3.5,3.7,Neds
Wolverhampton Wanderers v Chelsea,Wolverhampton Wanderers,Chelsea,Player Tackles,Jo<c3><a3>o Gomes,NA,NA,3.5,1.22,Neds
Wolverhampton Wanderers v Chelsea,Wolverhampton Wanderers,Chelsea,Player Tackles,Trevoh Chalobah,Chelsea,Wolverhampton Wanderers,3.5,3.5,Neds
Wolverhampton Wanderers v Chelsea,Wolverhampton Wanderers,Chelsea,Player Tackles,Ladislav Krejci,Wolverhampton Wanderers,Chelsea,3.5,4,Neds
Wolverhampton Wanderers v Chelsea,Wolverhampton Wanderers,Chelsea,Player Tackles,Hugo Bueno,Wolverhampton Wanderers,Chelsea,3.5,1.9100000000000001,Neds
Wolverhampton Wanderers v Chelsea,Wolverhampton Wanderers,Chelsea,Player Tackles,David Moller Wolfe,NA,NA,3.5,3.25,Neds
Wolverhampton Wanderers v Chelsea,Wolverhampton Wanderers,Chelsea,Player Tackles,Marc Cucurella,Chelsea,Wolverhampton Wanderers,3.5,2.02,Neds
Wolverhampton Wanderers v Chelsea,Wolverhampton Wanderers,Chelsea,Player Tackles,Mateus Mane,NA,NA,3.5,3.9,Neds
Wolverhampton Wanderers v Chelsea,Wolverhampton Wanderers,Chelsea,Player Tackles,Malo Gusto,Chelsea,Wolverhampton Wanderers,3.5,1.9100000000000001,Neds
Wolverhampton Wanderers v Chelsea,Wolverhampton Wanderers,Chelsea,Player Tackles,Enzo Fern<c3><a1>ndez,NA,NA,3.5,2.45,Neds
Wolverhampton Wanderers v Chelsea,Wolverhampton Wanderers,Chelsea,Player Tackles,Jorrel Hato,Chelsea,Wolverhampton Wanderers,3.5,1.9,Neds
Fulham v Everton,Fulham,Everton,Player Tackles,James Garner,Everton,Fulham,3.5,1.87,Neds
Fulham v Everton,Fulham,Everton,Player Tackles,Idrissa Gueye,Everton,Fulham,3.5,1.77,Neds
Fulham v Everton,Fulham,Everton,Player Tackles,Sander Berge,Fulham,Everton,3.5,2.95,Neds
Fulham v Everton,Fulham,Everton,Player Tackles,Vitaliy Mykolenko,Everton,Fulham,3.5,2.45,Neds
Fulham v Everton,Fulham,Everton,Player Tackles,Timothy Castagne,Fulham,Everton,3.5,2.15,Neds
Fulham v Everton,Fulham,Everton,Player Tackles,Antonee Robinson,Fulham,Everton,3.5,1.9100000000000001,Neds
Fulham v Everton,Fulham,Everton,Player Tackles,Nathan Patterson,Everton,Fulham,3.5,1.67,Neds
Fulham v Everton,Fulham,Everton,Player Tackles,Dwight McNeil,Everton,Fulham,3.5,3.3,Neds
Fulham v Everton,Fulham,Everton,Player Tackles,Tom Cairney,Fulham,Everton,3.5,3.35,Neds
Fulham v Everton,Fulham,Everton,Player Tackles,Jorge Cuenca,Fulham,Everton,3.5,3.4,Neds
Fulham v Everton,Fulham,Everton,Player Tackles,Adam Aznou,Everton,Fulham,3.5,1.53,Neds
Fulham v Everton,Fulham,Everton,Player Tackles,Merlin Rohl,NA,NA,3.5,3.2,Neds
Fulham v Everton,Fulham,Everton,Player Tackles,Kenny Tete,Fulham,Everton,3.5,1.52,Neds
Fulham v Everton,Fulham,Everton,Player Tackles,Oscar Bobb,Manchester City,Fulham,3.5,3.05,Neds
Fulham v Everton,Fulham,Everton,Player Tackles,Harrison Armstrong,Everton,Fulham,3.5,2.1,Neds
Fulham v Everton,Fulham,Everton,Player Tackles,Ryan Sessegnon,Fulham,Everton,3.5,1.6800000000000002,Neds
Fulham v Everton,Fulham,Everton,Player Tackles,James Tarkowski,Everton,Fulham,3.5,3.9,Neds
Fulham v Everton,Fulham,Everton,Player Tackles,Iliman Ndiaye,Everton,Fulham,3.5,2.45,Neds
Fulham v Everton,Fulham,Everton,Player Tackles,Joshua King,NA,NA,3.5,2.75,Neds
Fulham v Everton,Fulham,Everton,Player Tackles,Calvin Bassey,Fulham,Everton,3.5,3.25,Neds
Manchester United v Tottenham Hotspur,Manchester United,Tottenham Hotspur,Player Tackles,Amad Diallo,Manchester United,Tottenham Hotspur,3.5,3.45,Neds
Manchester United v Tottenham Hotspur,Manchester United,Tottenham Hotspur,Player Tackles,Manuel Ugarte,Manchester United,Tottenham Hotspur,3.5,1.26,Neds
Manchester United v Tottenham Hotspur,Manchester United,Tottenham Hotspur,Player Tackles,Bruno Fernandes,Manchester United,Tottenham Hotspur,3.5,3.1,Neds
Manchester United v Tottenham Hotspur,Manchester United,Tottenham Hotspur,Player Tackles,Xavi Simons,Tottenham Hotspur,Manchester United,3.5,4,Neds
Manchester United v Tottenham Hotspur,Manchester United,Tottenham Hotspur,Player Tackles,Luke Shaw,Manchester United,Tottenham Hotspur,3.5,2.15,Neds
Manchester United v Tottenham Hotspur,Manchester United,Tottenham Hotspur,Player Tackles,Kobbie Mainoo,Manchester United,Tottenham Hotspur,3.5,1.9100000000000001,Neds
Manchester United v Tottenham Hotspur,Manchester United,Tottenham Hotspur,Player Tackles,Yves Bissouma,Tottenham Hotspur,Manchester United,3.5,1.94,Neds
Manchester United v Tottenham Hotspur,Manchester United,Tottenham Hotspur,Player Tackles,Djed Spence,Tottenham Hotspur,Manchester United,3.5,2.15,Neds
Manchester United v Tottenham Hotspur,Manchester United,Tottenham Hotspur,Player Tackles,Noussair Mazraoui,Manchester United,Tottenham Hotspur,3.5,1.53,Neds
Manchester United v Tottenham Hotspur,Manchester United,Tottenham Hotspur,Player Tackles,Lisandro Mart<c3><ad>nez,NA,NA,3.5,3.05,Neds
Manchester United v Tottenham Hotspur,Manchester United,Tottenham Hotspur,Player Tackles,Ayden Heaven,Manchester United,Tottenham Hotspur,3.5,3.45,Neds
Manchester United v Tottenham Hotspur,Manchester United,Tottenham Hotspur,Player Tackles,Conor Gallagher,Tottenham Hotspur,Manchester United,3.5,2.1,Neds
Manchester United v Tottenham Hotspur,Manchester United,Tottenham Hotspur,Player Tackles,Casemiro,Manchester United,Tottenham Hotspur,3.5,1.32,Neds
Manchester United v Tottenham Hotspur,Manchester United,Tottenham Hotspur,Player Tackles,Destiny Udogie,Tottenham Hotspur,Manchester United,3.5,1.8,Neds
Manchester United v Tottenham Hotspur,Manchester United,Tottenham Hotspur,Player Tackles,Pape Matar Sarr,Tottenham Hotspur,Manchester United,3.5,2.3,Neds
Manchester United v Tottenham Hotspur,Manchester United,Tottenham Hotspur,Player Tackles,Leny Yoro,Manchester United,Tottenham Hotspur,3.5,3.45,Neds
Manchester United v Tottenham Hotspur,Manchester United,Tottenham Hotspur,Player Tackles,Archie Gray,Tottenham Hotspur,Manchester United,3.5,3,Neds
Manchester United v Tottenham Hotspur,Manchester United,Tottenham Hotspur,Player Tackles,Cristian Romero,Tottenham Hotspur,Manchester United,3.5,2.15,Neds
Manchester United v Tottenham Hotspur,Manchester United,Tottenham Hotspur,Player Tackles,Diogo Dalot,Manchester United,Tottenham Hotspur,3.5,1.9,Neds
Manchester United v Tottenham Hotspur,Manchester United,Tottenham Hotspur,Player Tackles,Noussair Mazraoui,Manchester United,Tottenham Hotspur,4.5,2.15,Neds
Manchester United v Tottenham Hotspur,Manchester United,Tottenham Hotspur,Player Tackles,Diogo Dalot,Manchester United,Tottenham Hotspur,4.5,2.9,Neds
Manchester United v Tottenham Hotspur,Manchester United,Tottenham Hotspur,Player Tackles,Destiny Udogie,Tottenham Hotspur,Manchester United,4.5,2.65,Neds
Manchester United v Tottenham Hotspur,Manchester United,Tottenham Hotspur,Player Tackles,Luke Shaw,Manchester United,Tottenham Hotspur,4.5,3.4,Neds
Manchester United v Tottenham Hotspur,Manchester United,Tottenham Hotspur,Player Tackles,Djed Spence,Tottenham Hotspur,Manchester United,4.5,3.45,Neds
Manchester United v Tottenham Hotspur,Manchester United,Tottenham Hotspur,Player Tackles,Manuel Ugarte,Manchester United,Tottenham Hotspur,4.5,1.6,Neds
Manchester United v Tottenham Hotspur,Manchester United,Tottenham Hotspur,Player Tackles,Yves Bissouma,Tottenham Hotspur,Manchester United,4.5,2.95,Neds
Manchester United v Tottenham Hotspur,Manchester United,Tottenham Hotspur,Player Tackles,Cristian Romero,Tottenham Hotspur,Manchester United,4.5,3.4,Neds
Manchester United v Tottenham Hotspur,Manchester United,Tottenham Hotspur,Player Tackles,Kobbie Mainoo,Manchester United,Tottenham Hotspur,4.5,2.95,Neds
Manchester United v Tottenham Hotspur,Manchester United,Tottenham Hotspur,Player Tackles,Conor Gallagher,Tottenham Hotspur,Manchester United,4.5,3.35,Neds
Manchester United v Tottenham Hotspur,Manchester United,Tottenham Hotspur,Player Tackles,Pape Matar Sarr,Tottenham Hotspur,Manchester United,4.5,3.8,Neds
Manchester United v Tottenham Hotspur,Manchester United,Tottenham Hotspur,Player Tackles,Casemiro,Manchester United,Tottenham Hotspur,4.5,1.6800000000000002,Neds
Wolverhampton Wanderers v Chelsea,Wolverhampton Wanderers,Chelsea,Player Tackles,Malo Gusto,Chelsea,Wolverhampton Wanderers,1.5,1.08,Neds
Wolverhampton Wanderers v Chelsea,Wolverhampton Wanderers,Chelsea,Player Tackles,Wesley Fofana,Chelsea,Wolverhampton Wanderers,1.5,1.44,Neds
Wolverhampton Wanderers v Chelsea,Wolverhampton Wanderers,Chelsea,Player Tackles,Beno<c3><ae>t Badiashile,NA,NA,1.5,1.65,Neds
Wolverhampton Wanderers v Chelsea,Wolverhampton Wanderers,Chelsea,Player Tackles,Mois<c3><a9>s Caicedo,NA,NA,1.5,1.01,Neds
Wolverhampton Wanderers v Chelsea,Wolverhampton Wanderers,Chelsea,Player Tackles,Trevoh Chalobah,Chelsea,Wolverhampton Wanderers,1.5,1.4,Neds
Wolverhampton Wanderers v Chelsea,Wolverhampton Wanderers,Chelsea,Player Tackles,Cole Palmer,Chelsea,Wolverhampton Wanderers,1.5,1.88,Neds
Wolverhampton Wanderers v Chelsea,Wolverhampton Wanderers,Chelsea,Player Tackles,Yerson Mosquera,Wolverhampton Wanderers,Chelsea,1.5,1.08,Neds
Wolverhampton Wanderers v Chelsea,Wolverhampton Wanderers,Chelsea,Player Tackles,Enzo Fern<c3><a1>ndez,NA,NA,1.5,1.2,Neds
Wolverhampton Wanderers v Chelsea,Wolverhampton Wanderers,Chelsea,Player Tackles,Jo<c3><a3>o Pedro,NA,NA,1.5,2.55,Neds
Wolverhampton Wanderers v Chelsea,Wolverhampton Wanderers,Chelsea,Player Tackles,Jorrel Hato,Chelsea,Wolverhampton Wanderers,1.5,1.08,Neds
Wolverhampton Wanderers v Chelsea,Wolverhampton Wanderers,Chelsea,Player Tackles,Alejandro Garnacho,Chelsea,Wolverhampton Wanderers,1.5,1.8,Neds
Wolverhampton Wanderers v Chelsea,Wolverhampton Wanderers,Chelsea,Player Tackles,Rodrigo Gomes,Wolverhampton Wanderers,Chelsea,1.5,1.42,Neds
Wolverhampton Wanderers v Chelsea,Wolverhampton Wanderers,Chelsea,Player Tackles,Jackson Tchatchoua,Wolverhampton Wanderers,Chelsea,1.5,1.22,Neds
Wolverhampton Wanderers v Chelsea,Wolverhampton Wanderers,Chelsea,Player Tackles,Jhon Arias,Wolverhampton Wanderers,Chelsea,1.5,1.05,Neds
Wolverhampton Wanderers v Chelsea,Wolverhampton Wanderers,Chelsea,Player Tackles,Ladislav Krejci,Wolverhampton Wanderers,Chelsea,1.5,1.46,Neds
Wolverhampton Wanderers v Chelsea,Wolverhampton Wanderers,Chelsea,Player Tackles,Jeanricner Bellegarde,NA,NA,1.5,1.1400000000000001,Neds
Wolverhampton Wanderers v Chelsea,Wolverhampton Wanderers,Chelsea,Player Tackles,Emmanuel Agbadou,Wolverhampton Wanderers,Chelsea,1.5,1.13,Neds
Wolverhampton Wanderers v Chelsea,Wolverhampton Wanderers,Chelsea,Player Tackles,Reece James,Chelsea,Wolverhampton Wanderers,1.5,1.16,Neds
Wolverhampton Wanderers v Chelsea,Wolverhampton Wanderers,Chelsea,Player Tackles,Marc Cucurella,Chelsea,Wolverhampton Wanderers,1.5,1.11,Neds
Wolverhampton Wanderers v Chelsea,Wolverhampton Wanderers,Chelsea,Player Tackles,Hugo Bueno,Wolverhampton Wanderers,Chelsea,1.5,1.08,Neds
Wolverhampton Wanderers v Chelsea,Wolverhampton Wanderers,Chelsea,Player Tackles,David Moller Wolfe,NA,NA,1.5,1.33,Neds
Wolverhampton Wanderers v Chelsea,Wolverhampton Wanderers,Chelsea,Player Tackles,Santiago Bueno,Wolverhampton Wanderers,Chelsea,1.5,1.19,Neds
Wolverhampton Wanderers v Chelsea,Wolverhampton Wanderers,Chelsea,Player Tackles,Pedro Neto,Chelsea,Wolverhampton Wanderers,1.5,2.02,Neds
Wolverhampton Wanderers v Chelsea,Wolverhampton Wanderers,Chelsea,Player Tackles,Jo<c3><a3>o Gomes,NA,NA,1.5,1.01,Neds
Wolverhampton Wanderers v Chelsea,Wolverhampton Wanderers,Chelsea,Player Tackles,Mateus Mane,NA,NA,1.5,1.44,Neds
Wolverhampton Wanderers v Chelsea,Wolverhampton Wanderers,Chelsea,Player Tackles,Hwang Hee-chan,NA,NA,1.5,2.25,Neds
Bournemouth v Aston Villa,Bournemouth,Aston Villa,Player Tackles,Ian Maatsen,Aston Villa,Bournemouth,4.5,2.9,Neds
Bournemouth v Aston Villa,Bournemouth,Aston Villa,Player Tackles,Adrien Truffert,Bournemouth,Aston Villa,4.5,2.9,Neds
Bournemouth v Aston Villa,Bournemouth,Aston Villa,Player Tackles,James Hill,Bournemouth,Aston Villa,4.5,3.2,Neds
Bournemouth v Aston Villa,Bournemouth,Aston Villa,Player Tackles,Emiliano Buend<c3><ad>a,NA,NA,4.5,3.2,Neds
Bournemouth v Aston Villa,Bournemouth,Aston Villa,Player Tackles,Ryan Christie,Bournemouth,Aston Villa,4.5,2.8,Neds
Bournemouth v Aston Villa,Bournemouth,Aston Villa,Player Tackles,Marcos Senesi,Bournemouth,Aston Villa,4.5,2.9,Neds
Bournemouth v Aston Villa,Bournemouth,Aston Villa,Player Tackles,Alex Scott,Bournemouth,Aston Villa,4.5,2.9,Neds
Bournemouth v Aston Villa,Bournemouth,Aston Villa,Player Tackles,Amadou Onana,Aston Villa,Bournemouth,4.5,2.45,Neds
Bournemouth v Aston Villa,Bournemouth,Aston Villa,Player Tackles,Lewis Cook,Bournemouth,Aston Villa,4.5,2.9,Neds
Bournemouth v Aston Villa,Bournemouth,Aston Villa,Player Tackles,Lucas Digne,Aston Villa,Bournemouth,4.5,4,Neds
Bournemouth v Aston Villa,Bournemouth,Aston Villa,Player Tackles,Lamare Bogarde,Aston Villa,Bournemouth,4.5,2.75,Neds
Bournemouth v Aston Villa,Bournemouth,Aston Villa,Player Tackles,Matthew Cash,NA,NA,4.5,4.75,Neds
Bournemouth v Aston Villa,Bournemouth,Aston Villa,Player Tackles,Alex Jimenez,NA,NA,4.5,4.1,Neds
Arsenal v Sunderland AFC,Arsenal,Sunderland AFC,Player Tackles,Luke O'Nien,NA,NA,1.5,1.62,Neds
Arsenal v Sunderland AFC,Arsenal,Sunderland AFC,Player Tackles,Jurrien Timber,NA,NA,1.5,1.25,Neds
Arsenal v Sunderland AFC,Arsenal,Sunderland AFC,Player Tackles,William Saliba,Arsenal,Sunderland AFC,1.5,1.6800000000000002,Neds
Arsenal v Sunderland AFC,Arsenal,Sunderland AFC,Player Tackles,Omar Alderete,NA,NA,1.5,2.02,Neds
Arsenal v Sunderland AFC,Arsenal,Sunderland AFC,Player Tackles,Lutsharel Geertruida,NA,NA,1.5,1.4,Neds
Arsenal v Sunderland AFC,Arsenal,Sunderland AFC,Player Tackles,Piero Hincapie,NA,NA,1.5,1.32,Neds
Arsenal v Sunderland AFC,Arsenal,Sunderland AFC,Player Tackles,Gabriel Magalh<c3><a3>es,NA,NA,1.5,1.94,Neds
Arsenal v Sunderland AFC,Arsenal,Sunderland AFC,Player Tackles,Noni Madueke,Arsenal,Sunderland AFC,1.5,2.35,Neds
Arsenal v Sunderland AFC,Arsenal,Sunderland AFC,Player Tackles,Enzo Le Fee,NA,NA,1.5,1.08,Neds
Arsenal v Sunderland AFC,Arsenal,Sunderland AFC,Player Tackles,Martin Zubimendi,NA,NA,1.5,1.5699999999999998,Neds
Arsenal v Sunderland AFC,Arsenal,Sunderland AFC,Player Tackles,Reinildo Mandava,NA,NA,1.5,1.24,Neds
Arsenal v Sunderland AFC,Arsenal,Sunderland AFC,Player Tackles,Dennis Cirkin,NA,NA,1.5,1.16,Neds
Arsenal v Sunderland AFC,Arsenal,Sunderland AFC,Player Tackles,Gabriel Martinelli,Arsenal,Sunderland AFC,1.5,2.4,Neds
Arsenal v Sunderland AFC,Arsenal,Sunderland AFC,Player Tackles,Romaine Mundle,NA,NA,1.5,1.8,Neds
Arsenal v Sunderland AFC,Arsenal,Sunderland AFC,Player Tackles,Trai Hume,NA,NA,1.5,1.17,Neds
Arsenal v Sunderland AFC,Arsenal,Sunderland AFC,Player Tackles,Martin <c3><98>degaard,NA,NA,1.5,1.8,Neds
Arsenal v Sunderland AFC,Arsenal,Sunderland AFC,Player Tackles,Kai Havertz,Arsenal,Sunderland AFC,1.5,2.5,Neds
Arsenal v Sunderland AFC,Arsenal,Sunderland AFC,Player Tackles,Nordi Mukiele,NA,NA,1.5,1.12,Neds
Arsenal v Sunderland AFC,Arsenal,Sunderland AFC,Player Tackles,Riccardo Calafiori,Arsenal,Sunderland AFC,1.5,1.3,Neds
Arsenal v Sunderland AFC,Arsenal,Sunderland AFC,Player Tackles,Noah Sadiki,NA,NA,1.5,1.35,Neds
Arsenal v Sunderland AFC,Arsenal,Sunderland AFC,Player Tackles,Eberechi Eze,Arsenal,Sunderland AFC,1.5,2.25,Neds
Arsenal v Sunderland AFC,Arsenal,Sunderland AFC,Player Tackles,Eberechi Eze,Crystal Palace,Arsenal,1.5,2.25,Neds
Arsenal v Sunderland AFC,Arsenal,Sunderland AFC,Player Tackles,Gabriel Jesus,Arsenal,Sunderland AFC,1.5,2.25,Neds
Arsenal v Sunderland AFC,Arsenal,Sunderland AFC,Player Tackles,Declan Rice,Arsenal,Sunderland AFC,1.5,1.3,Neds
Arsenal v Sunderland AFC,Arsenal,Sunderland AFC,Player Tackles,Chris Rigg,NA,NA,1.5,1.5699999999999998,Neds
Arsenal v Sunderland AFC,Arsenal,Sunderland AFC,Player Tackles,Chemsdine Talbi,NA,NA,1.5,1.98,Neds
Arsenal v Sunderland AFC,Arsenal,Sunderland AFC,Player Tackles,Daniel Ballard,NA,NA,1.5,1.65,Neds
Arsenal v Sunderland AFC,Arsenal,Sunderland AFC,Player Tackles,Leandro Trossard,Arsenal,Sunderland AFC,1.5,2.3,Neds
Bournemouth v Aston Villa,Bournemouth,Aston Villa,Player Tackles,Adrien Truffert,Bournemouth,Aston Villa,3.5,1.92,Neds
Bournemouth v Aston Villa,Bournemouth,Aston Villa,Player Tackles,Amine Adli,Bournemouth,Aston Villa,3.5,3.9,Neds
Bournemouth v Aston Villa,Bournemouth,Aston Villa,Player Tackles,Alex Scott,Bournemouth,Aston Villa,3.5,1.9100000000000001,Neds
Bournemouth v Aston Villa,Bournemouth,Aston Villa,Player Tackles,Amadou Onana,Aston Villa,Bournemouth,3.5,1.6800000000000002,Neds
Bournemouth v Aston Villa,Bournemouth,Aston Villa,Player Tackles,Matthew Cash,NA,NA,3.5,2.75,Neds
Bournemouth v Aston Villa,Bournemouth,Aston Villa,Player Tackles,Ryan Christie,Bournemouth,Aston Villa,3.5,1.88,Neds
Bournemouth v Aston Villa,Bournemouth,Aston Villa,Player Tackles,Lewis Cook,Bournemouth,Aston Villa,3.5,1.9100000000000001,Neds
Bournemouth v Aston Villa,Bournemouth,Aston Villa,Player Tackles,Bafode Diakite,NA,NA,3.5,3.5,Neds
Bournemouth v Aston Villa,Bournemouth,Aston Villa,Player Tackles,Lucas Digne,Aston Villa,Bournemouth,3.5,2.45,Neds
Bournemouth v Aston Villa,Bournemouth,Aston Villa,Player Tackles,James Hill,Bournemouth,Aston Villa,3.5,2.05,Neds
Bournemouth v Aston Villa,Bournemouth,Aston Villa,Player Tackles,Alex Jimenez,NA,NA,3.5,2.45,Neds
Bournemouth v Aston Villa,Bournemouth,Aston Villa,Player Tackles,Ian Maatsen,Aston Villa,Bournemouth,3.5,1.92,Neds
Bournemouth v Aston Villa,Bournemouth,Aston Villa,Player Tackles,Lamare Bogarde,Aston Villa,Bournemouth,3.5,1.85,Neds
Bournemouth v Aston Villa,Bournemouth,Aston Villa,Player Tackles,Marcos Senesi,Bournemouth,Aston Villa,3.5,1.94,Neds
Bournemouth v Aston Villa,Bournemouth,Aston Villa,Player Tackles,Emiliano Buend<c3><ad>a,NA,NA,3.5,2.05,Neds
Newcastle United v Brentford,Newcastle United,Brentford,Player Tackles,Lewis Miley,Newcastle United,Brentford,3.5,2.3,Neds
Newcastle United v Brentford,Newcastle United,Brentford,Player Tackles,Kristoffer Ajer,Brentford,Newcastle United,3.5,2.9,Neds
Newcastle United v Brentford,Newcastle United,Brentford,Player Tackles,Mikkel Damsgaard,Brentford,Newcastle United,3.5,2.3,Neds
Newcastle United v Brentford,Newcastle United,Brentford,Player Tackles,Dango Ouattara,Brentford,Newcastle United,3.5,3.75,Neds
Newcastle United v Brentford,Newcastle United,Brentford,Player Tackles,Dan Burn,Newcastle United,Brentford,3.5,3.7,Neds
Newcastle United v Brentford,Newcastle United,Brentford,Player Tackles,Malick Thiaw,Newcastle United,Brentford,3.5,4,Neds
Newcastle United v Brentford,Newcastle United,Brentford,Player Tackles,Michael Kayode,Brentford,Newcastle United,3.5,1.9100000000000001,Neds
Newcastle United v Brentford,Newcastle United,Brentford,Player Tackles,Lewis Hall,Newcastle United,Brentford,3.5,1.85,Neds
Newcastle United v Brentford,Newcastle United,Brentford,Player Tackles,Vitaly Janelt,Brentford,Newcastle United,3.5,1.8,Neds
Newcastle United v Brentford,Newcastle United,Brentford,Player Tackles,Yegor Yarmolyuk,Brentford,Newcastle United,3.5,2.95,Neds
Newcastle United v Brentford,Newcastle United,Brentford,Player Tackles,Kieran Trippier,Newcastle United,Brentford,3.5,2.15,Neds
Newcastle United v Brentford,Newcastle United,Brentford,Player Tackles,Rico Henry,Brentford,Newcastle United,3.5,3.1,Neds
Newcastle United v Brentford,Newcastle United,Brentford,Player Tackles,Mathias Jensen,Brentford,Newcastle United,3.5,2.65,Neds
Newcastle United v Brentford,Newcastle United,Brentford,Player Tackles,Jordan Henderson,Brentford,Newcastle United,3.5,2.3,Neds
Newcastle United v Brentford,Newcastle United,Brentford,Player Tackles,Joe Willock,Newcastle United,Brentford,3.5,2.35,Neds
Newcastle United v Brentford,Newcastle United,Brentford,Player Tackles,Jacob Ramsey,Newcastle United,Brentford,3.5,2.75,Neds
Newcastle United v Brentford,Newcastle United,Brentford,Player Tackles,Bruno Guimar<c3><a3>es,NA,NA,3.5,1.9100000000000001,Neds
Newcastle United v Brentford,Newcastle United,Brentford,Player Tackles,Sandro Tonali,Newcastle United,Brentford,3.5,2.95,Neds
Newcastle United v Brentford,Newcastle United,Brentford,Player Tackles,Aaron Hickey,Brentford,Newcastle United,3.5,2.55,Neds
Bournemouth v Aston Villa,Bournemouth,Aston Villa,Player Tackles,Eli Junior Kroupi,NA,NA,2.5,3.1,Neds
Bournemouth v Aston Villa,Bournemouth,Aston Villa,Player Tackles,Alex Jimenez,NA,NA,2.5,1.62,Neds
Bournemouth v Aston Villa,Bournemouth,Aston Villa,Player Tackles,Harvey Elliott,Liverpool,Bournemouth,2.5,2.4,Neds
Bournemouth v Aston Villa,Bournemouth,Aston Villa,Player Tackles,Harvey Elliott,Aston Villa,Bournemouth,2.5,2.4,Neds
Bournemouth v Aston Villa,Bournemouth,Aston Villa,Player Tackles,Amine Adli,Bournemouth,Aston Villa,2.5,2.25,Neds
Bournemouth v Aston Villa,Bournemouth,Aston Villa,Player Tackles,Adrien Truffert,Bournemouth,Aston Villa,2.5,1.38,Neds
Bournemouth v Aston Villa,Bournemouth,Aston Villa,Player Tackles,Ryan Christie,Bournemouth,Aston Villa,2.5,1.3599999999999999,Neds
Bournemouth v Aston Villa,Bournemouth,Aston Villa,Player Tackles,Marcos Senesi,Bournemouth,Aston Villa,2.5,1.38,Neds
Bournemouth v Aston Villa,Bournemouth,Aston Villa,Player Tackles,Amadou Onana,Aston Villa,Bournemouth,2.5,1.26,Neds
Bournemouth v Aston Villa,Bournemouth,Aston Villa,Player Tackles,David Brooks,Bournemouth,Aston Villa,2.5,2.55,Neds
Bournemouth v Aston Villa,Bournemouth,Aston Villa,Player Tackles,Pau Torres,Aston Villa,Bournemouth,2.5,3.15,Neds
Bournemouth v Aston Villa,Bournemouth,Aston Villa,Player Tackles,Adam Smith,Bournemouth,Aston Villa,2.5,2.5,Neds
Bournemouth v Aston Villa,Bournemouth,Aston Villa,Player Tackles,Lucas Digne,Aston Villa,Bournemouth,2.5,1.62,Neds
Bournemouth v Aston Villa,Bournemouth,Aston Villa,Player Tackles,Matthew Cash,NA,NA,2.5,1.77,Neds
Bournemouth v Aston Villa,Bournemouth,Aston Villa,Player Tackles,Alex Scott,Bournemouth,Aston Villa,2.5,1.38,Neds
Bournemouth v Aston Villa,Bournemouth,Aston Villa,Player Tackles,Lamare Bogarde,Aston Villa,Bournemouth,2.5,1.3599999999999999,Neds
Bournemouth v Aston Villa,Bournemouth,Aston Villa,Player Tackles,Emiliano Buend<c3><ad>a,NA,NA,2.5,1.44,Neds
Bournemouth v Aston Villa,Bournemouth,Aston Villa,Player Tackles,James Hill,Bournemouth,Aston Villa,2.5,1.44,Neds
Bournemouth v Aston Villa,Bournemouth,Aston Villa,Player Tackles,Ian Maatsen,Aston Villa,Bournemouth,2.5,1.38,Neds
Bournemouth v Aston Villa,Bournemouth,Aston Villa,Player Tackles,Lewis Cook,Bournemouth,Aston Villa,2.5,1.38,Neds
Bournemouth v Aston Villa,Bournemouth,Aston Villa,Player Tackles,Bafode Diakite,NA,NA,2.5,2.1,Neds
Burnley v West Ham United,Burnley,West Ham United,Player Tackles,Lesley Ugochukwu,NA,NA,3.5,2.1,Neds
Burnley v West Ham United,Burnley,West Ham United,Player Tackles,Quilindschy Hartman,NA,NA,3.5,2.6,Neds
Burnley v West Ham United,Burnley,West Ham United,Player Tackles,Jaidon Anthony,NA,NA,3.5,3.9,Neds
Burnley v West Ham United,Burnley,West Ham United,Player Tackles,Freddie Potts,West Ham United,Burnley,3.5,1.9100000000000001,Neds
Burnley v West Ham United,Burnley,West Ham United,Player Tackles,Lucas Pires,NA,NA,3.5,2.5,Neds
Burnley v West Ham United,Burnley,West Ham United,Player Tackles,Mateus Fernandes,West Ham United,Burnley,3.5,2.05,Neds
Burnley v West Ham United,Burnley,West Ham United,Player Tackles,Mateus Fernandes,Southampton,Burnley,3.5,2.05,Neds
Burnley v West Ham United,Burnley,West Ham United,Player Tackles,Josh Laurent,NA,NA,3.5,2.3,Neds
Burnley v West Ham United,Burnley,West Ham United,Player Tackles,Soungoutou Magassa,West Ham United,Burnley,3.5,1.77,Neds
Burnley v West Ham United,Burnley,West Ham United,Player Tackles,El Hadji Malick Diouf,West Ham United,Burnley,3.5,3.1,Neds
Burnley v West Ham United,Burnley,West Ham United,Player Tackles,Aaron Wan-Bissaka,West Ham United,Burnley,3.5,2.95,Neds
Burnley v West Ham United,Burnley,West Ham United,Player Tackles,Florentino Luis,NA,NA,3.5,1.3,Neds
Burnley v West Ham United,Burnley,West Ham United,Player Tackles,Axel Tuanzebe,NA,NA,3.5,4,Neds
Burnley v West Ham United,Burnley,West Ham United,Player Tackles,Bashir Humphreys,NA,NA,3.5,2.35,Neds
Burnley v West Ham United,Burnley,West Ham United,Player Tackles,Kyle Walker,NA,NA,3.5,2.5,Neds
Burnley v West Ham United,Burnley,West Ham United,Player Tackles,Oliver Scarles,West Ham United,Burnley,3.5,2.02,Neds
Burnley v West Ham United,Burnley,West Ham United,Player Tackles,Loum Tchaouna,NA,NA,3.5,4,Neds
Fulham v Everton,Fulham,Everton,Player Tackles,Kenny Tete,Fulham,Everton,4.5,2.15,Neds
Fulham v Everton,Fulham,Everton,Player Tackles,Nathan Patterson,Everton,Fulham,4.5,2.4,Neds
Fulham v Everton,Fulham,Everton,Player Tackles,Idrissa Gueye,Everton,Fulham,4.5,2.6,Neds
Fulham v Everton,Fulham,Everton,Player Tackles,Adam Aznou,Everton,Fulham,4.5,2.15,Neds
Fulham v Everton,Fulham,Everton,Player Tackles,Vitaliy Mykolenko,Everton,Fulham,4.5,4.2,Neds
Fulham v Everton,Fulham,Everton,Player Tackles,James Garner,Everton,Fulham,4.5,2.8,Neds
Fulham v Everton,Fulham,Everton,Player Tackles,Iliman Ndiaye,Everton,Fulham,4.5,4.2,Neds
Fulham v Everton,Fulham,Everton,Player Tackles,Antonee Robinson,Fulham,Everton,4.5,2.9,Neds
Fulham v Everton,Fulham,Everton,Player Tackles,Timothy Castagne,Fulham,Everton,4.5,3.4,Neds
Fulham v Everton,Fulham,Everton,Player Tackles,Ryan Sessegnon,Fulham,Everton,4.5,2.45,Neds
Fulham v Everton,Fulham,Everton,Player Tackles,Harrison Armstrong,Everton,Fulham,4.5,3.4,Neds
Manchester United v Tottenham Hotspur,Manchester United,Tottenham Hotspur,Player Tackles,Pape Matar Sarr,Tottenham Hotspur,Manchester United,1.5,1.17,Neds
Manchester United v Tottenham Hotspur,Manchester United,Tottenham Hotspur,Player Tackles,Diogo Dalot,Manchester United,Tottenham Hotspur,1.5,1.09,Neds
Manchester United v Tottenham Hotspur,Manchester United,Tottenham Hotspur,Player Tackles,Bruno Fernandes,Manchester United,Tottenham Hotspur,1.5,1.3,Neds
Manchester United v Tottenham Hotspur,Manchester United,Tottenham Hotspur,Player Tackles,Yves Bissouma,Tottenham Hotspur,Manchester United,1.5,1.09,Neds
Manchester United v Tottenham Hotspur,Manchester United,Tottenham Hotspur,Player Tackles,Destiny Udogie,Tottenham Hotspur,Manchester United,1.5,1.06,Neds
Manchester United v Tottenham Hotspur,Manchester United,Tottenham Hotspur,Player Tackles,Lisandro Mart<c3><ad>nez,NA,NA,1.5,1.32,Neds
Manchester United v Tottenham Hotspur,Manchester United,Tottenham Hotspur,Player Tackles,Wilson Odobert,Tottenham Hotspur,Manchester United,1.5,1.8,Neds
Manchester United v Tottenham Hotspur,Manchester United,Tottenham Hotspur,Player Tackles,Luke Shaw,Manchester United,Tottenham Hotspur,1.5,1.13,Neds
Manchester United v Tottenham Hotspur,Manchester United,Tottenham Hotspur,Player Tackles,Amad Diallo,Manchester United,Tottenham Hotspur,1.5,1.38,Neds
Manchester United v Tottenham Hotspur,Manchester United,Tottenham Hotspur,Player Tackles,Djed Spence,Tottenham Hotspur,Manchester United,1.5,1.13,Neds
Manchester United v Tottenham Hotspur,Manchester United,Tottenham Hotspur,Player Tackles,Archie Gray,Tottenham Hotspur,Manchester United,1.5,1.28,Neds
Manchester United v Tottenham Hotspur,Manchester United,Tottenham Hotspur,Player Tackles,Casemiro,Manchester United,Tottenham Hotspur,1.5,1.01,Neds
Manchester United v Tottenham Hotspur,Manchester United,Tottenham Hotspur,Player Tackles,Xavi Simons,Tottenham Hotspur,Manchester United,1.5,1.48,Neds
Manchester United v Tottenham Hotspur,Manchester United,Tottenham Hotspur,Player Tackles,Bryan Mbeumo,Manchester United,Tottenham Hotspur,1.5,1.9100000000000001,Neds
Manchester United v Tottenham Hotspur,Manchester United,Tottenham Hotspur,Player Tackles,Harry Maguire,Manchester United,Tottenham Hotspur,1.5,1.8,Neds
Manchester United v Tottenham Hotspur,Manchester United,Tottenham Hotspur,Player Tackles,Micky van de Ven,Tottenham Hotspur,Manchester United,1.5,1.53,Neds
Manchester United v Tottenham Hotspur,Manchester United,Tottenham Hotspur,Player Tackles,Mathys Tel,Tottenham Hotspur,Manchester United,1.5,1.95,Neds
Manchester United v Tottenham Hotspur,Manchester United,Tottenham Hotspur,Player Tackles,Randal Kolo Muani,Tottenham Hotspur,Manchester United,1.5,1.83,Neds
Manchester United v Tottenham Hotspur,Manchester United,Tottenham Hotspur,Player Tackles,Leny Yoro,Manchester United,Tottenham Hotspur,1.5,1.38,Neds
Manchester United v Tottenham Hotspur,Manchester United,Tottenham Hotspur,Player Tackles,Radu Matei Dragusin,NA,NA,1.5,1.8,Neds
Manchester United v Tottenham Hotspur,Manchester United,Tottenham Hotspur,Player Tackles,Noussair Mazraoui,Manchester United,Tottenham Hotspur,1.5,1.01,Neds
Manchester United v Tottenham Hotspur,Manchester United,Tottenham Hotspur,Player Tackles,Kobbie Mainoo,Manchester United,Tottenham Hotspur,1.5,1.09,Neds
Manchester United v Tottenham Hotspur,Manchester United,Tottenham Hotspur,Player Tackles,Matheus Cunha,Manchester United,Tottenham Hotspur,1.5,1.6800000000000002,Neds
Manchester United v Tottenham Hotspur,Manchester United,Tottenham Hotspur,Player Tackles,Ayden Heaven,Manchester United,Tottenham Hotspur,1.5,1.38,Neds
Manchester United v Tottenham Hotspur,Manchester United,Tottenham Hotspur,Player Tackles,Manuel Ugarte,Manchester United,Tottenham Hotspur,1.5,1.01,Neds
Manchester United v Tottenham Hotspur,Manchester United,Tottenham Hotspur,Player Tackles,Cristian Romero,Tottenham Hotspur,Manchester United,1.5,1.1400000000000001,Neds
Manchester United v Tottenham Hotspur,Manchester United,Tottenham Hotspur,Player Tackles,Conor Gallagher,Tottenham Hotspur,Manchester United,1.5,1.13,Neds
Burnley v West Ham United,Burnley,West Ham United,Player Tackles,Freddie Potts,West Ham United,Burnley,0.5,1.01,Neds
Burnley v West Ham United,Burnley,West Ham United,Player Tackles,Lesley Ugochukwu,NA,NA,0.5,1.01,Neds
Burnley v West Ham United,Burnley,West Ham United,Player Tackles,Jaidon Anthony,NA,NA,0.5,1.05,Neds
Burnley v West Ham United,Burnley,West Ham United,Player Tackles,Aaron Wan-Bissaka,West Ham United,Burnley,0.5,1.01,Neds
Burnley v West Ham United,Burnley,West Ham United,Player Tackles,Josh Laurent,NA,NA,0.5,1.01,Neds
Burnley v West Ham United,Burnley,West Ham United,Player Tackles,Armando Broja,NA,NA,0.5,1.18,Neds
Burnley v West Ham United,Burnley,West Ham United,Player Tackles,Marcus Edwards,NA,NA,0.5,1.13,Neds
Burnley v West Ham United,Burnley,West Ham United,Player Tackles,Konstantinos Mavropanos,West Ham United,Burnley,0.5,1.16,Neds
Burnley v West Ham United,Burnley,West Ham United,Player Tackles,Florentino Luis,NA,NA,0.5,1.01,Neds
Burnley v West Ham United,Burnley,West Ham United,Player Tackles,Mateus Fernandes,West Ham United,Burnley,0.5,1.01,Neds
Burnley v West Ham United,Burnley,West Ham United,Player Tackles,Mateus Fernandes,Southampton,Burnley,0.5,1.01,Neds
Burnley v West Ham United,Burnley,West Ham United,Player Tackles,Jarrod Bowen,West Ham United,Burnley,0.5,1.22,Neds
Burnley v West Ham United,Burnley,West Ham United,Player Tackles,Kyle Walker,NA,NA,0.5,1.01,Neds
Burnley v West Ham United,Burnley,West Ham United,Player Tackles,Loum Tchaouna,NA,NA,0.5,1.06,Neds
Burnley v West Ham United,Burnley,West Ham United,Player Tackles,Oliver Scarles,West Ham United,Burnley,0.5,1.01,Neds
Burnley v West Ham United,Burnley,West Ham United,Player Tackles,Hjalmar Ekdal,NA,NA,0.5,1.13,Neds
Burnley v West Ham United,Burnley,West Ham United,Player Tackles,Soungoutou Magassa,West Ham United,Burnley,0.5,1.01,Neds
Burnley v West Ham United,Burnley,West Ham United,Player Tackles,Lucas Pires,NA,NA,0.5,1.01,Neds
Burnley v West Ham United,Burnley,West Ham United,Player Tackles,Max Kilman,NA,NA,0.5,1.24,Neds
Burnley v West Ham United,Burnley,West Ham United,Player Tackles,Valentin Castellanos,NA,NA,0.5,1.6400000000000001,Neds
Burnley v West Ham United,Burnley,West Ham United,Player Tackles,Tomas Soucek,NA,NA,0.5,1.08,Neds
Burnley v West Ham United,Burnley,West Ham United,Player Tackles,Jacob Bruun Larsen,NA,NA,0.5,1.1400000000000001,Neds
Burnley v West Ham United,Burnley,West Ham United,Player Tackles,Quilindschy Hartman,NA,NA,0.5,1.01,Neds
Burnley v West Ham United,Burnley,West Ham United,Player Tackles,Zian Flemming,NA,NA,0.5,1.5,Neds
Burnley v West Ham United,Burnley,West Ham United,Player Tackles,Maxime Esteve,NA,NA,0.5,1.26,Neds
Burnley v West Ham United,Burnley,West Ham United,Player Tackles,Bashir Humphreys,NA,NA,0.5,1.01,Neds
Burnley v West Ham United,Burnley,West Ham United,Player Tackles,Axel Tuanzebe,NA,NA,0.5,1.06,Neds
Burnley v West Ham United,Burnley,West Ham United,Player Tackles,El Hadji Malick Diouf,West Ham United,Burnley,0.5,1.02,Neds
Burnley v West Ham United,Burnley,West Ham United,Player Tackles,Crysencio Summerville,West Ham United,Burnley,0.5,1.1,Neds
Burnley v West Ham United,Burnley,West Ham United,Player Tackles,Lyle Foster,NA,NA,0.5,1.26,Neds
Newcastle United v Brentford,Newcastle United,Brentford,Player Tackles,Joe Willock,Newcastle United,Brentford,4.5,3.8,Neds
Newcastle United v Brentford,Newcastle United,Brentford,Player Tackles,Bruno Guimar<c3><a3>es,NA,NA,4.5,2.9,Neds
Newcastle United v Brentford,Newcastle United,Brentford,Player Tackles,Mikkel Damsgaard,Brentford,Newcastle United,4.5,3.8,Neds
Newcastle United v Brentford,Newcastle United,Brentford,Player Tackles,Michael Kayode,Brentford,Newcastle United,4.5,2.9,Neds
Newcastle United v Brentford,Newcastle United,Brentford,Player Tackles,Vitaly Janelt,Brentford,Newcastle United,4.5,2.65,Neds
Newcastle United v Brentford,Newcastle United,Brentford,Player Tackles,Kieran Trippier,Newcastle United,Brentford,4.5,3.4,Neds
Newcastle United v Brentford,Newcastle United,Brentford,Player Tackles,Lewis Hall,Newcastle United,Brentford,4.5,2.8,Neds
Newcastle United v Brentford,Newcastle United,Brentford,Player Tackles,Aaron Hickey,Brentford,Newcastle United,4.5,4.4,Neds
Newcastle United v Brentford,Newcastle United,Brentford,Player Tackles,Mathias Jensen,Brentford,Newcastle United,4.5,4.6,Neds
Newcastle United v Brentford,Newcastle United,Brentford,Player Tackles,Lewis Miley,Newcastle United,Brentford,4.5,3.8,Neds
Newcastle United v Brentford,Newcastle United,Brentford,Player Tackles,Jordan Henderson,Brentford,Newcastle United,4.5,3.7,Neds
Newcastle United v Brentford,Newcastle United,Brentford,Player Tackles,Jacob Ramsey,Newcastle United,Brentford,4.5,4.6,Neds
Arsenal v Sunderland AFC,Arsenal,Sunderland AFC,Player Tackles,Luke O'Nien,NA,NA,2.5,2.7,Neds
Arsenal v Sunderland AFC,Arsenal,Sunderland AFC,Player Tackles,Lutsharel Geertruida,NA,NA,2.5,2.15,Neds
Arsenal v Sunderland AFC,Arsenal,Sunderland AFC,Player Tackles,Martin Zubimendi,NA,NA,2.5,2.55,Neds
Arsenal v Sunderland AFC,Arsenal,Sunderland AFC,Player Tackles,Noah Sadiki,NA,NA,2.5,2,Neds
Arsenal v Sunderland AFC,Arsenal,Sunderland AFC,Player Tackles,Romaine Mundle,NA,NA,2.5,3.15,Neds
Arsenal v Sunderland AFC,Arsenal,Sunderland AFC,Player Tackles,Declan Rice,Arsenal,Sunderland AFC,2.5,1.9,Neds
Arsenal v Sunderland AFC,Arsenal,Sunderland AFC,Player Tackles,Nordi Mukiele,NA,NA,2.5,1.48,Neds
Arsenal v Sunderland AFC,Arsenal,Sunderland AFC,Player Tackles,Jurrien Timber,NA,NA,2.5,1.75,Neds
Arsenal v Sunderland AFC,Arsenal,Sunderland AFC,Player Tackles,Enzo Le Fee,NA,NA,2.5,1.38,Neds
Arsenal v Sunderland AFC,Arsenal,Sunderland AFC,Player Tackles,Trai Hume,NA,NA,2.5,1.5699999999999998,Neds
Arsenal v Sunderland AFC,Arsenal,Sunderland AFC,Player Tackles,Dennis Cirkin,NA,NA,2.5,1.53,Neds
Arsenal v Sunderland AFC,Arsenal,Sunderland AFC,Player Tackles,William Saliba,Arsenal,Sunderland AFC,2.5,2.8,Neds
Arsenal v Sunderland AFC,Arsenal,Sunderland AFC,Player Tackles,Chris Rigg,NA,NA,2.5,2.55,Neds
Arsenal v Sunderland AFC,Arsenal,Sunderland AFC,Player Tackles,Martin <c3><98>degaard,NA,NA,2.5,3.1,Neds
Arsenal v Sunderland AFC,Arsenal,Sunderland AFC,Player Tackles,Daniel Ballard,NA,NA,2.5,2.75,Neds
Arsenal v Sunderland AFC,Arsenal,Sunderland AFC,Player Tackles,Reinildo Mandava,NA,NA,2.5,1.72,Neds
Arsenal v Sunderland AFC,Arsenal,Sunderland AFC,Player Tackles,Riccardo Calafiori,Arsenal,Sunderland AFC,2.5,1.9,Neds
Arsenal v Sunderland AFC,Arsenal,Sunderland AFC,Player Tackles,Piero Hincapie,NA,NA,2.5,1.9100000000000001,Neds
Burnley v West Ham United,Burnley,West Ham United,Player Tackles,Loum Tchaouna,NA,NA,1.5,1.46,Neds
Burnley v West Ham United,Burnley,West Ham United,Player Tackles,Mateus Fernandes,West Ham United,Burnley,1.5,1.11,Neds
Burnley v West Ham United,Burnley,West Ham United,Player Tackles,Mateus Fernandes,Southampton,Burnley,1.5,1.11,Neds
Burnley v West Ham United,Burnley,West Ham United,Player Tackles,Konstantinos Mavropanos,West Ham United,Burnley,1.5,1.73,Neds
Burnley v West Ham United,Burnley,West Ham United,Player Tackles,Quilindschy Hartman,NA,NA,1.5,1.2,Neds
Burnley v West Ham United,Burnley,West Ham United,Player Tackles,Maxime Esteve,NA,NA,1.5,2.05,Neds
Burnley v West Ham United,Burnley,West Ham United,Player Tackles,Lyle Foster,NA,NA,1.5,2.02,Neds
Burnley v West Ham United,Burnley,West Ham United,Player Tackles,Lesley Ugochukwu,NA,NA,1.5,1.12,Neds
Burnley v West Ham United,Burnley,West Ham United,Player Tackles,Florentino Luis,NA,NA,1.5,1.01,Neds
Burnley v West Ham United,Burnley,West Ham United,Player Tackles,Max Kilman,NA,NA,1.5,1.96,Neds
Burnley v West Ham United,Burnley,West Ham United,Player Tackles,Kyle Walker,NA,NA,1.5,1.19,Neds
Burnley v West Ham United,Burnley,West Ham United,Player Tackles,Freddie Potts,West Ham United,Burnley,1.5,1.08,Neds
Burnley v West Ham United,Burnley,West Ham United,Player Tackles,Jaidon Anthony,NA,NA,1.5,1.44,Neds
Burnley v West Ham United,Burnley,West Ham United,Player Tackles,Aaron Wan-Bissaka,West Ham United,Burnley,1.5,1.28,Neds
Burnley v West Ham United,Burnley,West Ham United,Player Tackles,Axel Tuanzebe,NA,NA,1.5,1.45,Neds
Burnley v West Ham United,Burnley,West Ham United,Player Tackles,Josh Laurent,NA,NA,1.5,1.16,Neds
Burnley v West Ham United,Burnley,West Ham United,Player Tackles,Bashir Humphreys,NA,NA,1.5,1.17,Neds
Burnley v West Ham United,Burnley,West Ham United,Player Tackles,Lucas Pires,NA,NA,1.5,1.19,Neds
Burnley v West Ham United,Burnley,West Ham United,Player Tackles,Crysencio Summerville,West Ham United,Burnley,1.5,1.58,Neds
Burnley v West Ham United,Burnley,West Ham United,Player Tackles,Tomas Soucek,NA,NA,1.5,1.53,Neds
Burnley v West Ham United,Burnley,West Ham United,Player Tackles,Marcus Edwards,NA,NA,1.5,1.6400000000000001,Neds
Burnley v West Ham United,Burnley,West Ham United,Player Tackles,Soungoutou Magassa,West Ham United,Burnley,1.5,1.05,Neds
Burnley v West Ham United,Burnley,West Ham United,Player Tackles,Jacob Bruun Larsen,NA,NA,1.5,1.7,Neds
Burnley v West Ham United,Burnley,West Ham United,Player Tackles,Hjalmar Ekdal,NA,NA,1.5,1.62,Neds
Burnley v West Ham United,Burnley,West Ham United,Player Tackles,Jarrod Bowen,West Ham United,Burnley,1.5,1.9,Neds
Burnley v West Ham United,Burnley,West Ham United,Player Tackles,Armando Broja,NA,NA,1.5,1.8,Neds
Burnley v West Ham United,Burnley,West Ham United,Player Tackles,Oliver Scarles,West Ham United,Burnley,1.5,1.11,Neds
Burnley v West Ham United,Burnley,West Ham United,Player Tackles,El Hadji Malick Diouf,West Ham United,Burnley,1.5,1.32,Neds
Newcastle United v Brentford,Newcastle United,Brentford,Player Tackles,Vitaly Janelt,Brentford,Newcastle United,2.5,1.32,Neds
Newcastle United v Brentford,Newcastle United,Brentford,Player Tackles,Rico Henry,Brentford,Newcastle United,2.5,1.9,Neds
Newcastle United v Brentford,Newcastle United,Brentford,Player Tackles,Jacob Murphy,Newcastle United,Brentford,2.5,2.55,Neds
Newcastle United v Brentford,Newcastle United,Brentford,Player Tackles,Yegor Yarmolyuk,Brentford,Newcastle United,2.5,1.85,Neds
Newcastle United v Brentford,Newcastle United,Brentford,Player Tackles,Mikkel Damsgaard,Brentford,Newcastle United,2.5,1.5699999999999998,Neds
Newcastle United v Brentford,Newcastle United,Brentford,Player Tackles,Keane Lewis-Potter,Brentford,Newcastle United,2.5,2.85,Neds
Newcastle United v Brentford,Newcastle United,Brentford,Player Tackles,Sepp van den Berg,Brentford,Newcastle United,2.5,2.55,Neds
Newcastle United v Brentford,Newcastle United,Brentford,Player Tackles,Botman Sven,NA,NA,2.5,3.1,Neds
Newcastle United v Brentford,Newcastle United,Brentford,Player Tackles,Michael Kayode,Brentford,Newcastle United,2.5,1.38,Neds
Newcastle United v Brentford,Newcastle United,Brentford,Player Tackles,Nathan Collins,Brentford,Newcastle United,2.5,2.75,Neds
Newcastle United v Brentford,Newcastle United,Brentford,Player Tackles,Kieran Trippier,Newcastle United,Brentford,2.5,1.48,Neds
Newcastle United v Brentford,Newcastle United,Brentford,Player Tackles,Dango Ouattara,Brentford,Newcastle United,2.5,2.2,Neds
Newcastle United v Brentford,Newcastle United,Brentford,Player Tackles,Jordan Henderson,Brentford,Newcastle United,2.5,1.55,Neds
Newcastle United v Brentford,Newcastle United,Brentford,Player Tackles,Sandro Tonali,Newcastle United,Brentford,2.5,1.83,Neds
Newcastle United v Brentford,Newcastle United,Brentford,Player Tackles,Kristoffer Ajer,Brentford,Newcastle United,2.5,1.83,Neds
Newcastle United v Brentford,Newcastle United,Brentford,Player Tackles,Malick Thiaw,Newcastle United,Brentford,2.5,2.3,Neds
Newcastle United v Brentford,Newcastle United,Brentford,Player Tackles,Aaron Hickey,Brentford,Newcastle United,2.5,1.67,Neds
Newcastle United v Brentford,Newcastle United,Brentford,Player Tackles,Joe Willock,Newcastle United,Brentford,2.5,1.5699999999999998,Neds
Newcastle United v Brentford,Newcastle United,Brentford,Player Tackles,Mathias Jensen,Brentford,Newcastle United,2.5,1.73,Neds
Newcastle United v Brentford,Newcastle United,Brentford,Player Tackles,Lewis Hall,Newcastle United,Brentford,2.5,1.3599999999999999,Neds
Newcastle United v Brentford,Newcastle United,Brentford,Player Tackles,Bruno Guimar<c3><a3>es,NA,NA,2.5,1.38,Neds
Newcastle United v Brentford,Newcastle United,Brentford,Player Tackles,Dan Burn,Newcastle United,Brentford,2.5,2.15,Neds
Newcastle United v Brentford,Newcastle United,Brentford,Player Tackles,Lewis Miley,Newcastle United,Brentford,2.5,1.5699999999999998,Neds
Newcastle United v Brentford,Newcastle United,Brentford,Player Tackles,Jacob Ramsey,Newcastle United,Brentford,2.5,1.75,Neds
Newcastle United v Brentford,Newcastle United,Brentford,Player Tackles,Joe Willock,Newcastle United,Brentford,1.5,1.17,Neds
Newcastle United v Brentford,Newcastle United,Brentford,Player Tackles,Lewis Miley,Newcastle United,Brentford,1.5,1.17,Neds
Newcastle United v Brentford,Newcastle United,Brentford,Player Tackles,Anthony Elanga,Newcastle United,Brentford,1.5,1.98,Neds
Newcastle United v Brentford,Newcastle United,Brentford,Player Tackles,Dan Burn,Newcastle United,Brentford,1.5,1.4,Neds
Newcastle United v Brentford,Newcastle United,Brentford,Player Tackles,Sepp van den Berg,Brentford,Newcastle United,1.5,1.5699999999999998,Neds
Newcastle United v Brentford,Newcastle United,Brentford,Player Tackles,Mikkel Damsgaard,Brentford,Newcastle United,1.5,1.17,Neds
Newcastle United v Brentford,Newcastle United,Brentford,Player Tackles,Harvey Barnes,Newcastle United,Brentford,1.5,2.05,Neds
Newcastle United v Brentford,Newcastle United,Brentford,Player Tackles,Nick Woltemade,Newcastle United,Brentford,1.5,2.35,Neds
Newcastle United v Brentford,Newcastle United,Brentford,Player Tackles,Nathan Collins,Brentford,Newcastle United,1.5,1.65,Neds
Newcastle United v Brentford,Newcastle United,Brentford,Player Tackles,Keane Lewis-Potter,Brentford,Newcastle United,1.5,1.6800000000000002,Neds
Newcastle United v Brentford,Newcastle United,Brentford,Player Tackles,Yoane Wissa,Newcastle United,Brentford,1.5,2.55,Neds
Newcastle United v Brentford,Newcastle United,Brentford,Player Tackles,Yegor Yarmolyuk,Brentford,Newcastle United,1.5,1.3,Neds
Newcastle United v Brentford,Newcastle United,Brentford,Player Tackles,Botman Sven,NA,NA,1.5,1.8,Neds
Newcastle United v Brentford,Newcastle United,Brentford,Player Tackles,Dango Ouattara,Brentford,Newcastle United,1.5,1.42,Neds
Newcastle United v Brentford,Newcastle United,Brentford,Player Tackles,Vitaly Janelt,Brentford,Newcastle United,1.5,1.06,Neds
Newcastle United v Brentford,Newcastle United,Brentford,Player Tackles,Kieran Trippier,Newcastle United,Brentford,1.5,1.13,Neds
Newcastle United v Brentford,Newcastle United,Brentford,Player Tackles,Michael Kayode,Brentford,Newcastle United,1.5,1.08,Neds
Newcastle United v Brentford,Newcastle United,Brentford,Player Tackles,Malick Thiaw,Newcastle United,Brentford,1.5,1.48,Neds
Newcastle United v Brentford,Newcastle United,Brentford,Player Tackles,Bruno Guimar<c3><a3>es,NA,NA,1.5,1.08,Neds
Newcastle United v Brentford,Newcastle United,Brentford,Player Tackles,Jordan Henderson,Brentford,Newcastle United,1.5,1.16,Neds
Newcastle United v Brentford,Newcastle United,Brentford,Player Tackles,Aaron Hickey,Brentford,Newcastle United,1.5,1.22,Neds
Newcastle United v Brentford,Newcastle United,Brentford,Player Tackles,Rico Henry,Brentford,Newcastle United,1.5,1.3,Neds
Newcastle United v Brentford,Newcastle United,Brentford,Player Tackles,Kristoffer Ajer,Brentford,Newcastle United,1.5,1.28,Neds
Newcastle United v Brentford,Newcastle United,Brentford,Player Tackles,Mathias Jensen,Brentford,Newcastle United,1.5,1.24,Neds
Newcastle United v Brentford,Newcastle United,Brentford,Player Tackles,Igor Thiago,Brentford,Newcastle United,1.5,2.5,Neds
Newcastle United v Brentford,Newcastle United,Brentford,Player Tackles,Jacob Ramsey,Newcastle United,Brentford,1.5,1.24,Neds
Newcastle United v Brentford,Newcastle United,Brentford,Player Tackles,Lewis Hall,Newcastle United,Brentford,1.5,1.07,Neds
Newcastle United v Brentford,Newcastle United,Brentford,Player Tackles,Sandro Tonali,Newcastle United,Brentford,1.5,1.28,Neds
Newcastle United v Brentford,Newcastle United,Brentford,Player Tackles,Jacob Murphy,Newcastle United,Brentford,1.5,1.58,Neds
Manchester United v Tottenham Hotspur,Manchester United,Tottenham Hotspur,Player Tackles,Casemiro,Manchester United,Tottenham Hotspur,0.5,1.01,Neds
Manchester United v Tottenham Hotspur,Manchester United,Tottenham Hotspur,Player Tackles,Noussair Mazraoui,Manchester United,Tottenham Hotspur,0.5,1.01,Neds
Manchester United v Tottenham Hotspur,Manchester United,Tottenham Hotspur,Player Tackles,Dominic Solanke,Tottenham Hotspur,Manchester United,0.5,1.5,Neds
Manchester United v Tottenham Hotspur,Manchester United,Tottenham Hotspur,Player Tackles,Lisandro Mart<c3><ad>nez,NA,NA,0.5,1.02,Neds
Manchester United v Tottenham Hotspur,Manchester United,Tottenham Hotspur,Player Tackles,Randal Kolo Muani,Tottenham Hotspur,Manchester United,0.5,1.19,Neds
Manchester United v Tottenham Hotspur,Manchester United,Tottenham Hotspur,Player Tackles,Benjamin Sesko,Manchester United,Tottenham Hotspur,0.5,1.65,Neds
Manchester United v Tottenham Hotspur,Manchester United,Tottenham Hotspur,Player Tackles,Bryan Mbeumo,Manchester United,Tottenham Hotspur,0.5,1.24,Neds
Manchester United v Tottenham Hotspur,Manchester United,Tottenham Hotspur,Player Tackles,Harry Maguire,Manchester United,Tottenham Hotspur,0.5,1.19,Neds
Manchester United v Tottenham Hotspur,Manchester United,Tottenham Hotspur,Player Tackles,Diogo Dalot,Manchester United,Tottenham Hotspur,0.5,1.01,Neds
Manchester United v Tottenham Hotspur,Manchester United,Tottenham Hotspur,Player Tackles,Bruno Fernandes,Manchester United,Tottenham Hotspur,0.5,1.02,Neds
Manchester United v Tottenham Hotspur,Manchester United,Tottenham Hotspur,Player Tackles,Archie Gray,Tottenham Hotspur,Manchester United,0.5,1.01,Neds
Manchester United v Tottenham Hotspur,Manchester United,Tottenham Hotspur,Player Tackles,Cristian Romero,Tottenham Hotspur,Manchester United,0.5,1.01,Neds
Manchester United v Tottenham Hotspur,Manchester United,Tottenham Hotspur,Player Tackles,Matheus Cunha,Manchester United,Tottenham Hotspur,0.5,1.15,Neds
Manchester United v Tottenham Hotspur,Manchester United,Tottenham Hotspur,Player Tackles,Xavi Simons,Tottenham Hotspur,Manchester United,0.5,1.07,Neds
Manchester United v Tottenham Hotspur,Manchester United,Tottenham Hotspur,Player Tackles,Kobbie Mainoo,Manchester United,Tottenham Hotspur,0.5,1.01,Neds
Manchester United v Tottenham Hotspur,Manchester United,Tottenham Hotspur,Player Tackles,Luke Shaw,Manchester United,Tottenham Hotspur,0.5,1.01,Neds
Manchester United v Tottenham Hotspur,Manchester United,Tottenham Hotspur,Player Tackles,Conor Gallagher,Tottenham Hotspur,Manchester United,0.5,1.01,Neds
Manchester United v Tottenham Hotspur,Manchester United,Tottenham Hotspur,Player Tackles,Pape Matar Sarr,Tottenham Hotspur,Manchester United,0.5,1.01,Neds
Manchester United v Tottenham Hotspur,Manchester United,Tottenham Hotspur,Player Tackles,Mathys Tel,Tottenham Hotspur,Manchester United,0.5,1.24,Neds
Manchester United v Tottenham Hotspur,Manchester United,Tottenham Hotspur,Player Tackles,Yves Bissouma,Tottenham Hotspur,Manchester United,0.5,1.01,Neds
Manchester United v Tottenham Hotspur,Manchester United,Tottenham Hotspur,Player Tackles,Amad Diallo,Manchester United,Tottenham Hotspur,0.5,1.04,Neds
Manchester United v Tottenham Hotspur,Manchester United,Tottenham Hotspur,Player Tackles,Micky van de Ven,Tottenham Hotspur,Manchester United,0.5,1.09,Neds
Manchester United v Tottenham Hotspur,Manchester United,Tottenham Hotspur,Player Tackles,Radu Matei Dragusin,NA,NA,0.5,1.2,Neds
Manchester United v Tottenham Hotspur,Manchester United,Tottenham Hotspur,Player Tackles,Leny Yoro,Manchester United,Tottenham Hotspur,0.5,1.04,Neds
Manchester United v Tottenham Hotspur,Manchester United,Tottenham Hotspur,Player Tackles,Wilson Odobert,Tottenham Hotspur,Manchester United,0.5,1.19,Neds
Manchester United v Tottenham Hotspur,Manchester United,Tottenham Hotspur,Player Tackles,Ayden Heaven,Manchester United,Tottenham Hotspur,0.5,1.04,Neds
Manchester United v Tottenham Hotspur,Manchester United,Tottenham Hotspur,Player Tackles,Djed Spence,Tottenham Hotspur,Manchester United,0.5,1.01,Neds
Manchester United v Tottenham Hotspur,Manchester United,Tottenham Hotspur,Player Tackles,Destiny Udogie,Tottenham Hotspur,Manchester United,0.5,1.01,Neds
Manchester United v Tottenham Hotspur,Manchester United,Tottenham Hotspur,Player Tackles,Manuel Ugarte,Manchester United,Tottenham Hotspur,0.5,1.01,Neds
Wolverhampton Wanderers v Chelsea,Wolverhampton Wanderers,Chelsea,Player Tackles,David Moller Wolfe,NA,NA,2.5,1.96,Neds
Wolverhampton Wanderers v Chelsea,Wolverhampton Wanderers,Chelsea,Player Tackles,Mateus Mane,NA,NA,2.5,2.25,Neds
Wolverhampton Wanderers v Chelsea,Wolverhampton Wanderers,Chelsea,Player Tackles,Mois<c3><a9>s Caicedo,NA,NA,2.5,1.1,Neds
Wolverhampton Wanderers v Chelsea,Wolverhampton Wanderers,Chelsea,Player Tackles,Marc Cucurella,Chelsea,Wolverhampton Wanderers,2.5,1.44,Neds
Wolverhampton Wanderers v Chelsea,Wolverhampton Wanderers,Chelsea,Player Tackles,Malo Gusto,Chelsea,Wolverhampton Wanderers,2.5,1.3599999999999999,Neds
Wolverhampton Wanderers v Chelsea,Wolverhampton Wanderers,Chelsea,Player Tackles,Hugo Bueno,Wolverhampton Wanderers,Chelsea,2.5,1.38,Neds
Wolverhampton Wanderers v Chelsea,Wolverhampton Wanderers,Chelsea,Player Tackles,Alejandro Garnacho,Chelsea,Wolverhampton Wanderers,2.5,3.15,Neds
Wolverhampton Wanderers v Chelsea,Wolverhampton Wanderers,Chelsea,Player Tackles,Beno<c3><ae>t Badiashile,NA,NA,2.5,2.75,Neds
Wolverhampton Wanderers v Chelsea,Wolverhampton Wanderers,Chelsea,Player Tackles,Jo<c3><a3>o Gomes,NA,NA,2.5,1.03,Neds
Wolverhampton Wanderers v Chelsea,Wolverhampton Wanderers,Chelsea,Player Tackles,Ladislav Krejci,Wolverhampton Wanderers,Chelsea,2.5,2.3,Neds
Wolverhampton Wanderers v Chelsea,Wolverhampton Wanderers,Chelsea,Player Tackles,Jeanricner Bellegarde,NA,NA,2.5,1.5,Neds
Wolverhampton Wanderers v Chelsea,Wolverhampton Wanderers,Chelsea,Player Tackles,Trevoh Chalobah,Chelsea,Wolverhampton Wanderers,2.5,2.1,Neds
Wolverhampton Wanderers v Chelsea,Wolverhampton Wanderers,Chelsea,Player Tackles,Jhon Arias,Wolverhampton Wanderers,Chelsea,2.5,1.3,Neds
Wolverhampton Wanderers v Chelsea,Wolverhampton Wanderers,Chelsea,Player Tackles,Santiago Bueno,Wolverhampton Wanderers,Chelsea,2.5,1.62,Neds
Wolverhampton Wanderers v Chelsea,Wolverhampton Wanderers,Chelsea,Player Tackles,Wesley Fofana,Chelsea,Wolverhampton Wanderers,2.5,2.2,Neds
Wolverhampton Wanderers v Chelsea,Wolverhampton Wanderers,Chelsea,Player Tackles,Emmanuel Agbadou,Wolverhampton Wanderers,Chelsea,2.5,1.46,Neds
Wolverhampton Wanderers v Chelsea,Wolverhampton Wanderers,Chelsea,Player Tackles,Reece James,Chelsea,Wolverhampton Wanderers,2.5,1.53,Neds
Wolverhampton Wanderers v Chelsea,Wolverhampton Wanderers,Chelsea,Player Tackles,Rodrigo Gomes,Wolverhampton Wanderers,Chelsea,2.5,2.15,Neds
Wolverhampton Wanderers v Chelsea,Wolverhampton Wanderers,Chelsea,Player Tackles,Jackson Tchatchoua,Wolverhampton Wanderers,Chelsea,2.5,1.67,Neds
Wolverhampton Wanderers v Chelsea,Wolverhampton Wanderers,Chelsea,Player Tackles,Enzo Fern<c3><a1>ndez,NA,NA,2.5,1.62,Neds
Wolverhampton Wanderers v Chelsea,Wolverhampton Wanderers,Chelsea,Player Tackles,Yerson Mosquera,Wolverhampton Wanderers,Chelsea,2.5,1.38,Neds
Wolverhampton Wanderers v Chelsea,Wolverhampton Wanderers,Chelsea,Player Tackles,Jorrel Hato,Chelsea,Wolverhampton Wanderers,2.5,1.3599999999999999,Neds
Fulham v Everton,Fulham,Everton,Player Tackles,Oscar Bobb,Manchester City,Fulham,0.5,1.01,Neds
Fulham v Everton,Fulham,Everton,Player Tackles,Adam Aznou,Everton,Fulham,0.5,1.01,Neds
Fulham v Everton,Fulham,Everton,Player Tackles,Sander Berge,Fulham,Everton,0.5,1.01,Neds
Fulham v Everton,Fulham,Everton,Player Tackles,Ryan Sessegnon,Fulham,Everton,0.5,1.01,Neds
Fulham v Everton,Fulham,Everton,Player Tackles,Jorge Cuenca,Fulham,Everton,0.5,1.02,Neds
Fulham v Everton,Fulham,Everton,Player Tackles,Merlin Rohl,NA,NA,0.5,1.02,Neds
Fulham v Everton,Fulham,Everton,Player Tackles,Calvin Bassey,Fulham,Everton,0.5,1.01,Neds
Fulham v Everton,Fulham,Everton,Player Tackles,Ra<c3><ba>l Jim<c3><a9>nez,NA,NA,0.5,1.32,Neds
Fulham v Everton,Fulham,Everton,Player Tackles,James Garner,Everton,Fulham,0.5,1.01,Neds
Fulham v Everton,Fulham,Everton,Player Tackles,Antonee Robinson,Fulham,Everton,0.5,1.01,Neds
Fulham v Everton,Fulham,Everton,Player Tackles,Issa Diop,Fulham,Everton,0.5,1.13,Neds
Fulham v Everton,Fulham,Everton,Player Tackles,Jake O'Brien,Everton,Fulham,0.5,1.07,Neds
Fulham v Everton,Fulham,Everton,Player Tackles,Harry Wilson,Fulham,Everton,0.5,1.13,Neds
Fulham v Everton,Fulham,Everton,Player Tackles,James Tarkowski,Everton,Fulham,0.5,1.05,Neds
Fulham v Everton,Fulham,Everton,Player Tackles,Beto Betuncal,NA,NA,0.5,1.42,Neds
Fulham v Everton,Fulham,Everton,Player Tackles,Tom Cairney,Fulham,Everton,0.5,1.02,Neds
Fulham v Everton,Fulham,Everton,Player Tackles,Michael Keane,Everton,Fulham,0.5,1.17,Neds
Fulham v Everton,Fulham,Everton,Player Tackles,Harrison Armstrong,Everton,Fulham,0.5,1.01,Neds
Fulham v Everton,Fulham,Everton,Player Tackles,Samuel Chukwueze,Fulham,Everton,0.5,1.18,Neds
Fulham v Everton,Fulham,Everton,Player Tackles,Vitaliy Mykolenko,Everton,Fulham,0.5,1.01,Neds
Fulham v Everton,Fulham,Everton,Player Tackles,Joachim Andersen,Fulham,Everton,0.5,1.18,Neds
Fulham v Everton,Fulham,Everton,Player Tackles,Nathan Patterson,Everton,Fulham,0.5,1.01,Neds
Fulham v Everton,Fulham,Everton,Player Tackles,Dwight McNeil,Everton,Fulham,0.5,1.02,Neds
Fulham v Everton,Fulham,Everton,Player Tackles,Joshua King,NA,NA,0.5,1.01,Neds
Fulham v Everton,Fulham,Everton,Player Tackles,Idrissa Gueye,Everton,Fulham,0.5,1.01,Neds
Fulham v Everton,Fulham,Everton,Player Tackles,Timothy Castagne,Fulham,Everton,0.5,1.01,Neds
Fulham v Everton,Fulham,Everton,Player Tackles,Kenny Tete,Fulham,Everton,0.5,1.01,Neds
Fulham v Everton,Fulham,Everton,Player Tackles,Alexander Iwobi,NA,NA,0.5,1.07,Neds
Fulham v Everton,Fulham,Everton,Player Tackles,Thierno Barry,Everton,Fulham,0.5,1.55,Neds
Fulham v Everton,Fulham,Everton,Player Tackles,Jarrad Branthwaite,Everton,Fulham,0.5,1.09,Neds
Fulham v Everton,Fulham,Everton,Player Tackles,Iliman Ndiaye,Everton,Fulham,0.5,1.01,Neds
Fulham v Everton,Fulham,Everton,Player Tackles,Issa Diop,Fulham,Everton,1.5,1.6400000000000001,Neds
Fulham v Everton,Fulham,Everton,Player Tackles,Jorge Cuenca,Fulham,Everton,1.5,1.35,Neds
Fulham v Everton,Fulham,Everton,Player Tackles,Antonee Robinson,Fulham,Everton,1.5,1.09,Neds
Fulham v Everton,Fulham,Everton,Player Tackles,Merlin Rohl,NA,NA,1.5,1.32,Neds
Fulham v Everton,Fulham,Everton,Player Tackles,Jake O'Brien,Everton,Fulham,1.5,1.5,Neds
Fulham v Everton,Fulham,Everton,Player Tackles,Samuel Chukwueze,Fulham,Everton,1.5,1.8,Neds
Fulham v Everton,Fulham,Everton,Player Tackles,Iliman Ndiaye,Everton,Fulham,1.5,1.19,Neds
Fulham v Everton,Fulham,Everton,Player Tackles,Nathan Patterson,Everton,Fulham,1.5,1.03,Neds
Fulham v Everton,Fulham,Everton,Player Tackles,Adam Aznou,Everton,Fulham,1.5,1.01,Neds
Fulham v Everton,Fulham,Everton,Player Tackles,Kenny Tete,Fulham,Everton,1.5,1.01,Neds
Fulham v Everton,Fulham,Everton,Player Tackles,Idrissa Gueye,Everton,Fulham,1.5,1.06,Neds
Fulham v Everton,Fulham,Everton,Player Tackles,Tom Cairney,Fulham,Everton,1.5,1.35,Neds
Fulham v Everton,Fulham,Everton,Player Tackles,James Garner,Everton,Fulham,1.5,1.07,Neds
Fulham v Everton,Fulham,Everton,Player Tackles,Joshua King,NA,NA,1.5,1.24,Neds
Fulham v Everton,Fulham,Everton,Player Tackles,Ra<c3><ba>l Jim<c3><a9>nez,NA,NA,1.5,2.25,Neds
Fulham v Everton,Fulham,Everton,Player Tackles,Harrison Armstrong,Everton,Fulham,1.5,1.12,Neds
Fulham v Everton,Fulham,Everton,Player Tackles,Beto Betuncal,NA,NA,1.5,2.5,Neds
Fulham v Everton,Fulham,Everton,Player Tackles,Jarrad Branthwaite,Everton,Fulham,1.5,1.55,Neds
Fulham v Everton,Fulham,Everton,Player Tackles,Vitaliy Mykolenko,Everton,Fulham,1.5,1.19,Neds
Fulham v Everton,Fulham,Everton,Player Tackles,Timothy Castagne,Fulham,Everton,1.5,1.12,Neds
Fulham v Everton,Fulham,Everton,Player Tackles,Dwight McNeil,Everton,Fulham,1.5,1.35,Neds
Fulham v Everton,Fulham,Everton,Player Tackles,Ryan Sessegnon,Fulham,Everton,1.5,1.03,Neds
Fulham v Everton,Fulham,Everton,Player Tackles,Joachim Andersen,Fulham,Everton,1.5,1.77,Neds
Fulham v Everton,Fulham,Everton,Player Tackles,James Tarkowski,Everton,Fulham,1.5,1.44,Neds
Fulham v Everton,Fulham,Everton,Player Tackles,Harry Wilson,Fulham,Everton,1.5,1.65,Neds
Fulham v Everton,Fulham,Everton,Player Tackles,Oscar Bobb,Manchester City,Fulham,1.5,1.3,Neds
Fulham v Everton,Fulham,Everton,Player Tackles,Alexander Iwobi,NA,NA,1.5,1.5,Neds
Fulham v Everton,Fulham,Everton,Player Tackles,Sander Berge,Fulham,Everton,1.5,1.26,Neds
Fulham v Everton,Fulham,Everton,Player Tackles,Calvin Bassey,Fulham,Everton,1.5,1.32,Neds
Fulham v Everton,Fulham,Everton,Player Tackles,Michael Keane,Everton,Fulham,1.5,1.78,Neds
Newcastle United v Brentford,Newcastle United,Brentford,Player Tackles,Yegor Yarmolyuk,Brentford,Newcastle United,0.5,1.01,Neds
Newcastle United v Brentford,Newcastle United,Brentford,Player Tackles,Kieran Trippier,Newcastle United,Brentford,0.5,1.01,Neds
Newcastle United v Brentford,Newcastle United,Brentford,Player Tackles,Mikkel Damsgaard,Brentford,Newcastle United,0.5,1.01,Neds
Newcastle United v Brentford,Newcastle United,Brentford,Player Tackles,Kristoffer Ajer,Brentford,Newcastle United,0.5,1.01,Neds
Newcastle United v Brentford,Newcastle United,Brentford,Player Tackles,Aaron Hickey,Brentford,Newcastle United,0.5,1.01,Neds
Newcastle United v Brentford,Newcastle United,Brentford,Player Tackles,Dan Burn,Newcastle United,Brentford,0.5,1.05,Neds
Newcastle United v Brentford,Newcastle United,Brentford,Player Tackles,Sepp van den Berg,Brentford,Newcastle United,0.5,1.1,Neds
Newcastle United v Brentford,Newcastle United,Brentford,Player Tackles,Vitaly Janelt,Brentford,Newcastle United,0.5,1.01,Neds
Newcastle United v Brentford,Newcastle United,Brentford,Player Tackles,Anthony Elanga,Newcastle United,Brentford,0.5,1.26,Neds
Newcastle United v Brentford,Newcastle United,Brentford,Player Tackles,Nathan Collins,Brentford,Newcastle United,0.5,1.1400000000000001,Neds
Newcastle United v Brentford,Newcastle United,Brentford,Player Tackles,Jordan Henderson,Brentford,Newcastle United,0.5,1.01,Neds
Newcastle United v Brentford,Newcastle United,Brentford,Player Tackles,Michael Kayode,Brentford,Newcastle United,0.5,1.01,Neds
Newcastle United v Brentford,Newcastle United,Brentford,Player Tackles,Harvey Barnes,Newcastle United,Brentford,0.5,1.26,Neds
Newcastle United v Brentford,Newcastle United,Brentford,Player Tackles,Lewis Miley,Newcastle United,Brentford,0.5,1.01,Neds
Newcastle United v Brentford,Newcastle United,Brentford,Player Tackles,Malick Thiaw,Newcastle United,Brentford,0.5,1.07,Neds
Newcastle United v Brentford,Newcastle United,Brentford,Player Tackles,Jacob Ramsey,Newcastle United,Brentford,0.5,1.01,Neds
Newcastle United v Brentford,Newcastle United,Brentford,Player Tackles,Bruno Guimar<c3><a3>es,NA,NA,0.5,1.01,Neds
Newcastle United v Brentford,Newcastle United,Brentford,Player Tackles,Keane Lewis-Potter,Brentford,Newcastle United,0.5,1.1400000000000001,Neds
Newcastle United v Brentford,Newcastle United,Brentford,Player Tackles,Lewis Hall,Newcastle United,Brentford,0.5,1.01,Neds
Newcastle United v Brentford,Newcastle United,Brentford,Player Tackles,Dango Ouattara,Brentford,Newcastle United,0.5,1.05,Neds
Newcastle United v Brentford,Newcastle United,Brentford,Player Tackles,Botman Sven,NA,NA,0.5,1.19,Neds
Newcastle United v Brentford,Newcastle United,Brentford,Player Tackles,Jacob Murphy,Newcastle United,Brentford,0.5,1.1,Neds
Newcastle United v Brentford,Newcastle United,Brentford,Player Tackles,Mathias Jensen,Brentford,Newcastle United,0.5,1.01,Neds
Newcastle United v Brentford,Newcastle United,Brentford,Player Tackles,Joe Willock,Newcastle United,Brentford,0.5,1.01,Neds
Newcastle United v Brentford,Newcastle United,Brentford,Player Tackles,Nick Woltemade,Newcastle United,Brentford,0.5,1.3599999999999999,Neds
Newcastle United v Brentford,Newcastle United,Brentford,Player Tackles,Sandro Tonali,Newcastle United,Brentford,0.5,1.01,Neds
Newcastle United v Brentford,Newcastle United,Brentford,Player Tackles,Igor Thiago,Brentford,Newcastle United,0.5,1.44,Neds
Newcastle United v Brentford,Newcastle United,Brentford,Player Tackles,Rico Henry,Brentford,Newcastle United,0.5,1.01,Neds
Newcastle United v Brentford,Newcastle United,Brentford,Player Tackles,Yoane Wissa,Newcastle United,Brentford,0.5,1.45,Neds
Bournemouth v Aston Villa,Bournemouth,Aston Villa,Player Tackles,Alex Scott,Bournemouth,Aston Villa,1.5,1.09,Neds
Bournemouth v Aston Villa,Bournemouth,Aston Villa,Player Tackles,Amine Adli,Bournemouth,Aston Villa,1.5,1.44,Neds
Bournemouth v Aston Villa,Bournemouth,Aston Villa,Player Tackles,Emiliano Buend<c3><ad>a,NA,NA,1.5,1.11,Neds
Bournemouth v Aston Villa,Bournemouth,Aston Villa,Player Tackles,Ryan Christie,Bournemouth,Aston Villa,1.5,1.08,Neds
Bournemouth v Aston Villa,Bournemouth,Aston Villa,Player Tackles,Bafode Diakite,NA,NA,1.5,1.4,Neds
Bournemouth v Aston Villa,Bournemouth,Aston Villa,Player Tackles,Amadou Onana,Aston Villa,Bournemouth,1.5,1.04,Neds
Bournemouth v Aston Villa,Bournemouth,Aston Villa,Player Tackles,Lucas Digne,Aston Villa,Bournemouth,1.5,1.19,Neds
Bournemouth v Aston Villa,Bournemouth,Aston Villa,Player Tackles,Lewis Cook,Bournemouth,Aston Villa,1.5,1.09,Neds
Bournemouth v Aston Villa,Bournemouth,Aston Villa,Player Tackles,Alex Jimenez,NA,NA,1.5,1.19,Neds
Bournemouth v Aston Villa,Bournemouth,Aston Villa,Player Tackles,Harvey Elliott,Liverpool,Bournemouth,1.5,1.52,Neds
Bournemouth v Aston Villa,Bournemouth,Aston Villa,Player Tackles,Harvey Elliott,Aston Villa,Bournemouth,1.5,1.52,Neds
Bournemouth v Aston Villa,Bournemouth,Aston Villa,Player Tackles,Lamare Bogarde,Aston Villa,Bournemouth,1.5,1.08,Neds
Bournemouth v Aston Villa,Bournemouth,Aston Villa,Player Tackles,Victor Lindelof,NA,NA,1.5,2.05,Neds
Bournemouth v Aston Villa,Bournemouth,Aston Villa,Player Tackles,Adrien Truffert,Bournemouth,Aston Villa,1.5,1.08,Neds
Bournemouth v Aston Villa,Bournemouth,Aston Villa,Player Tackles,James Hill,Bournemouth,Aston Villa,1.5,1.12,Neds
Bournemouth v Aston Villa,Bournemouth,Aston Villa,Player Tackles,Leon Bailey,Aston Villa,Bournemouth,1.5,2.55,Neds
Bournemouth v Aston Villa,Bournemouth,Aston Villa,Player Tackles,Adam Smith,Bournemouth,Aston Villa,1.5,1.5699999999999998,Neds
Bournemouth v Aston Villa,Bournemouth,Aston Villa,Player Tackles,David Brooks,Bournemouth,Aston Villa,1.5,1.5699999999999998,Neds
Bournemouth v Aston Villa,Bournemouth,Aston Villa,Player Tackles,Morgan Rogers,Aston Villa,Bournemouth,1.5,2.1,Neds
Bournemouth v Aston Villa,Bournemouth,Aston Villa,Player Tackles,Marcos Senesi,Bournemouth,Aston Villa,1.5,1.08,Neds
Bournemouth v Aston Villa,Bournemouth,Aston Villa,Player Tackles,Ezri Konsa,Aston Villa,Bournemouth,1.5,2.5,Neds
Bournemouth v Aston Villa,Bournemouth,Aston Villa,Player Tackles,Pau Torres,Aston Villa,Bournemouth,1.5,1.8,Neds
Bournemouth v Aston Villa,Bournemouth,Aston Villa,Player Tackles,Eli Junior Kroupi,NA,NA,1.5,1.8,Neds
Bournemouth v Aston Villa,Bournemouth,Aston Villa,Player Tackles,Ian Maatsen,Aston Villa,Bournemouth,1.5,1.09,Neds
Bournemouth v Aston Villa,Bournemouth,Aston Villa,Player Tackles,Matthew Cash,NA,NA,1.5,1.26,Neds
