match,home_team,away_team,market_name,player_name,player_team,line,over_price,agency,opposition_team,EventKey,MarketKey,OutcomeKey
Burnley v Brentford,Burnley,Brentford,Player Tackles,Kyle Walker,NA,0.5,1.11,Pointsbet,NA,2610874,104203196,1
Burnley v Brentford,Burnley,Brentford,Player Tackles,Kyle Walker,NA,1.5,1.56,Pointsbet,NA,2610874,104203196,2
Burnley v Brentford,Burnley,Brentford,Player Tackles,Kyle Walker,NA,2.5,2.6,Pointsbet,NA,2610874,104203196,3
Burnley v Brentford,Burnley,Brentford,Player Tackles,Kyle Walker,NA,3.5,5.25,Pointsbet,NA,2610874,104203196,4
Burnley v Brentford,Burnley,Brentford,Player Tackles,Kyle Walker,NA,4.5,11,Pointsbet,NA,2610874,104203196,5
Burnley v Brentford,Burnley,Brentford,Player Tackles,Kyle Walker,NA,5.5,23,Pointsbet,NA,2610874,104203196,6
Burnley v Brentford,Burnley,Brentford,Player Tackles,James Ward-Prowse,West Ham United,0.5,1.31,Pointsbet,Burnley,2610874,104203196,7
Burnley v Brentford,Burnley,Brentford,Player Tackles,James Ward-Prowse,West Ham United,1.5,2.4,Pointsbet,Burnley,2610874,104203196,8
Burnley v Brentford,Burnley,Brentford,Player Tackles,James Ward-Prowse,West Ham United,2.5,5.25,Pointsbet,Burnley,2610874,104203196,9
Burnley v Brentford,Burnley,Brentford,Player Tackles,James Ward-Prowse,West Ham United,3.5,12,Pointsbet,Burnley,2610874,104203196,10
Burnley v Brentford,Burnley,Brentford,Player Tackles,James Ward-Prowse,West Ham United,4.5,36,Pointsbet,Burnley,2610874,104203196,11
Burnley v Brentford,Burnley,Brentford,Player Tackles,Barnes,NA,0.5,1.56,Pointsbet,NA,2610874,104203196,13
Burnley v Brentford,Burnley,Brentford,Player Tackles,Barnes,NA,1.5,3.4,Pointsbet,NA,2610874,104203196,14
Burnley v Brentford,Burnley,Brentford,Player Tackles,Barnes,NA,2.5,9.5,Pointsbet,NA,2610874,104203196,15
Burnley v Brentford,Burnley,Brentford,Player Tackles,Barnes,NA,3.5,26,Pointsbet,NA,2610874,104203196,16
Burnley v Brentford,Burnley,Brentford,Player Tackles,Barnes,NA,4.5,71,Pointsbet,NA,2610874,104203196,17
Burnley v Brentford,Burnley,Brentford,Player Tackles,J. Laurent,NA,0.5,1.09,Pointsbet,NA,2610874,104203196,19
Burnley v Brentford,Burnley,Brentford,Player Tackles,J. Laurent,NA,1.5,1.48,Pointsbet,NA,2610874,104203196,20
Burnley v Brentford,Burnley,Brentford,Player Tackles,J. Laurent,NA,2.5,2.35,Pointsbet,NA,2610874,104203196,21
Burnley v Brentford,Burnley,Brentford,Player Tackles,J. Laurent,NA,3.5,4.4,Pointsbet,NA,2610874,104203196,22
Burnley v Brentford,Burnley,Brentford,Player Tackles,J. Laurent,NA,4.5,8.5,Pointsbet,NA,2610874,104203196,23
Burnley v Brentford,Burnley,Brentford,Player Tackles,J. Laurent,NA,5.5,20,Pointsbet,NA,2610874,104203196,24
Burnley v Brentford,Burnley,Brentford,Player Tackles,Bruun Larsen,NA,0.5,1.27,Pointsbet,NA,2610874,104203196,25
Burnley v Brentford,Burnley,Brentford,Player Tackles,Bruun Larsen,NA,1.5,2.25,Pointsbet,NA,2610874,104203196,26
Burnley v Brentford,Burnley,Brentford,Player Tackles,Bruun Larsen,NA,2.5,4.75,Pointsbet,NA,2610874,104203196,27
Burnley v Brentford,Burnley,Brentford,Player Tackles,Bruun Larsen,NA,3.5,12,Pointsbet,NA,2610874,104203196,28
Burnley v Brentford,Burnley,Brentford,Player Tackles,Bruun Larsen,NA,4.5,29,Pointsbet,NA,2610874,104203196,29
Burnley v Brentford,Burnley,Brentford,Player Tackles,Bruun Larsen,NA,5.5,81,Pointsbet,NA,2610874,104203196,30
Burnley v Brentford,Burnley,Brentford,Player Tackles,Joe Worrall,NA,0.5,1.4,Pointsbet,NA,2610874,104203196,31
Burnley v Brentford,Burnley,Brentford,Player Tackles,Joe Worrall,NA,1.5,2.75,Pointsbet,NA,2610874,104203196,32
Burnley v Brentford,Burnley,Brentford,Player Tackles,Joe Worrall,NA,2.5,6.5,Pointsbet,NA,2610874,104203196,33
Burnley v Brentford,Burnley,Brentford,Player Tackles,Joe Worrall,NA,3.5,17,Pointsbet,NA,2610874,104203196,34
Burnley v Brentford,Burnley,Brentford,Player Tackles,Joe Worrall,NA,4.5,51,Pointsbet,NA,2610874,104203196,35
Burnley v Brentford,Burnley,Brentford,Player Tackles,M. Edwards,NA,0.5,1.29,Pointsbet,NA,2610874,104203196,37
Burnley v Brentford,Burnley,Brentford,Player Tackles,M. Edwards,NA,1.5,2.3,Pointsbet,NA,2610874,104203196,38
Burnley v Brentford,Burnley,Brentford,Player Tackles,M. Edwards,NA,2.5,4.75,Pointsbet,NA,2610874,104203196,39
Burnley v Brentford,Burnley,Brentford,Player Tackles,M. Edwards,NA,3.5,12,Pointsbet,NA,2610874,104203196,40
Burnley v Brentford,Burnley,Brentford,Player Tackles,M. Edwards,NA,4.5,31,Pointsbet,NA,2610874,104203196,41
Burnley v Brentford,Burnley,Brentford,Player Tackles,M. Edwards,NA,5.5,81,Pointsbet,NA,2610874,104203196,42
Burnley v Brentford,Burnley,Brentford,Player Tackles,Florentino Luís,NA,0.5,1.01,Pointsbet,NA,2610874,104203196,49
Burnley v Brentford,Burnley,Brentford,Player Tackles,Florentino Luís,NA,1.5,1.1,Pointsbet,NA,2610874,104203196,50
Burnley v Brentford,Burnley,Brentford,Player Tackles,Florentino Luís,NA,2.5,1.33,Pointsbet,NA,2610874,104203196,51
Burnley v Brentford,Burnley,Brentford,Player Tackles,Florentino Luís,NA,3.5,1.83,Pointsbet,NA,2610874,104203196,52
Burnley v Brentford,Burnley,Brentford,Player Tackles,Florentino Luís,NA,4.5,2.75,Pointsbet,NA,2610874,104203196,53
Burnley v Brentford,Burnley,Brentford,Player Tackles,Florentino Luís,NA,5.5,4.5,Pointsbet,NA,2610874,104203196,54
Burnley v Brentford,Burnley,Brentford,Player Tackles,H. Ekdal,NA,0.5,1.25,Pointsbet,NA,2610874,104203196,55
Burnley v Brentford,Burnley,Brentford,Player Tackles,H. Ekdal,NA,1.5,2.1,Pointsbet,NA,2610874,104203196,56
Burnley v Brentford,Burnley,Brentford,Player Tackles,H. Ekdal,NA,2.5,4.4,Pointsbet,NA,2610874,104203196,57
Burnley v Brentford,Burnley,Brentford,Player Tackles,H. Ekdal,NA,3.5,10,Pointsbet,NA,2610874,104203196,58
Burnley v Brentford,Burnley,Brentford,Player Tackles,H. Ekdal,NA,4.5,29,Pointsbet,NA,2610874,104203196,59
Burnley v Brentford,Burnley,Brentford,Player Tackles,H. Ekdal,NA,5.5,81,Pointsbet,NA,2610874,104203196,60
Burnley v Brentford,Burnley,Brentford,Player Tackles,Z. Flemming,NA,0.5,1.69,Pointsbet,NA,2610874,104203196,61
Burnley v Brentford,Burnley,Brentford,Player Tackles,Z. Flemming,NA,1.5,4,Pointsbet,NA,2610874,104203196,62
Burnley v Brentford,Burnley,Brentford,Player Tackles,Z. Flemming,NA,2.5,11,Pointsbet,NA,2610874,104203196,63
Burnley v Brentford,Burnley,Brentford,Player Tackles,Z. Flemming,NA,3.5,36,Pointsbet,NA,2610874,104203196,64
Burnley v Brentford,Burnley,Brentford,Player Tackles,Hannibal,NA,0.5,1.08,Pointsbet,NA,2610874,104203196,67
Burnley v Brentford,Burnley,Brentford,Player Tackles,Hannibal,NA,1.5,1.42,Pointsbet,NA,2610874,104203196,68
Burnley v Brentford,Burnley,Brentford,Player Tackles,Hannibal,NA,2.5,2.25,Pointsbet,NA,2610874,104203196,69
Burnley v Brentford,Burnley,Brentford,Player Tackles,Hannibal,NA,3.5,4,Pointsbet,NA,2610874,104203196,70
Burnley v Brentford,Burnley,Brentford,Player Tackles,Hannibal,NA,4.5,7.5,Pointsbet,NA,2610874,104203196,71
Burnley v Brentford,Burnley,Brentford,Player Tackles,Hannibal,NA,5.5,16,Pointsbet,NA,2610874,104203196,72
Burnley v Brentford,Burnley,Brentford,Player Tackles,M. Esteve,NA,0.5,1.21,Pointsbet,NA,2610874,104203196,73
Burnley v Brentford,Burnley,Brentford,Player Tackles,M. Esteve,NA,1.5,1.9,Pointsbet,NA,2610874,104203196,74
Burnley v Brentford,Burnley,Brentford,Player Tackles,M. Esteve,NA,2.5,3.7,Pointsbet,NA,2610874,104203196,75
Burnley v Brentford,Burnley,Brentford,Player Tackles,M. Esteve,NA,3.5,8.5,Pointsbet,NA,2610874,104203196,76
Burnley v Brentford,Burnley,Brentford,Player Tackles,M. Esteve,NA,4.5,20,Pointsbet,NA,2610874,104203196,77
Burnley v Brentford,Burnley,Brentford,Player Tackles,M. Esteve,NA,5.5,51,Pointsbet,NA,2610874,104203196,78
Burnley v Brentford,Burnley,Brentford,Player Tackles,L. Foster,NA,0.5,1.42,Pointsbet,NA,2610874,104203196,79
Burnley v Brentford,Burnley,Brentford,Player Tackles,L. Foster,NA,1.5,2.85,Pointsbet,NA,2610874,104203196,80
Burnley v Brentford,Burnley,Brentford,Player Tackles,L. Foster,NA,2.5,6.5,Pointsbet,NA,2610874,104203196,81
Burnley v Brentford,Burnley,Brentford,Player Tackles,L. Foster,NA,3.5,17,Pointsbet,NA,2610874,104203196,82
Burnley v Brentford,Burnley,Brentford,Player Tackles,L. Foster,NA,4.5,51,Pointsbet,NA,2610874,104203196,83
Burnley v Brentford,Burnley,Brentford,Player Tackles,B. Humphreys,NA,0.5,1.09,Pointsbet,NA,2610874,104203196,85
Burnley v Brentford,Burnley,Brentford,Player Tackles,B. Humphreys,NA,1.5,1.5,Pointsbet,NA,2610874,104203196,86
Burnley v Brentford,Burnley,Brentford,Player Tackles,B. Humphreys,NA,2.5,2.4,Pointsbet,NA,2610874,104203196,87
Burnley v Brentford,Burnley,Brentford,Player Tackles,B. Humphreys,NA,3.5,4.5,Pointsbet,NA,2610874,104203196,88
Burnley v Brentford,Burnley,Brentford,Player Tackles,B. Humphreys,NA,4.5,9,Pointsbet,NA,2610874,104203196,89
Burnley v Brentford,Burnley,Brentford,Player Tackles,B. Humphreys,NA,5.5,19,Pointsbet,NA,2610874,104203196,90
Burnley v Brentford,Burnley,Brentford,Player Tackles,L. Tchaouna,NA,0.5,1.19,Pointsbet,NA,2610874,104203196,91
Burnley v Brentford,Burnley,Brentford,Player Tackles,L. Tchaouna,NA,1.5,1.83,Pointsbet,NA,2610874,104203196,92
Burnley v Brentford,Burnley,Brentford,Player Tackles,L. Tchaouna,NA,2.5,3.4,Pointsbet,NA,2610874,104203196,93
Burnley v Brentford,Burnley,Brentford,Player Tackles,L. Tchaouna,NA,3.5,7.5,Pointsbet,NA,2610874,104203196,94
Burnley v Brentford,Burnley,Brentford,Player Tackles,L. Tchaouna,NA,4.5,17,Pointsbet,NA,2610874,104203196,95
Burnley v Brentford,Burnley,Brentford,Player Tackles,L. Tchaouna,NA,5.5,41,Pointsbet,NA,2610874,104203196,96
Burnley v Brentford,Burnley,Brentford,Player Tackles,Lesley Ugochukwu,NA,0.5,1.06,Pointsbet,NA,2610874,104203196,97
Burnley v Brentford,Burnley,Brentford,Player Tackles,Lesley Ugochukwu,NA,1.5,1.29,Pointsbet,NA,2610874,104203196,98
Burnley v Brentford,Burnley,Brentford,Player Tackles,Lesley Ugochukwu,NA,2.5,1.87,Pointsbet,NA,2610874,104203196,99
Burnley v Brentford,Burnley,Brentford,Player Tackles,Lesley Ugochukwu,NA,3.5,3.1,Pointsbet,NA,2610874,104203196,100
Burnley v Brentford,Burnley,Brentford,Player Tackles,Lesley Ugochukwu,NA,4.5,5.75,Pointsbet,NA,2610874,104203196,101
Burnley v Brentford,Burnley,Brentford,Player Tackles,Lesley Ugochukwu,NA,5.5,11,Pointsbet,NA,2610874,104203196,102
Burnley v Brentford,Burnley,Brentford,Player Tackles,Jaidon Anthony,NA,0.5,1.18,Pointsbet,NA,2610874,104203196,103
Burnley v Brentford,Burnley,Brentford,Player Tackles,Jaidon Anthony,NA,1.5,1.83,Pointsbet,NA,2610874,104203196,104
Burnley v Brentford,Burnley,Brentford,Player Tackles,Jaidon Anthony,NA,2.5,3.7,Pointsbet,NA,2610874,104203196,105
Burnley v Brentford,Burnley,Brentford,Player Tackles,Jaidon Anthony,NA,3.5,7.5,Pointsbet,NA,2610874,104203196,106
Burnley v Brentford,Burnley,Brentford,Player Tackles,Jaidon Anthony,NA,4.5,19,Pointsbet,NA,2610874,104203196,107
Burnley v Brentford,Burnley,Brentford,Player Tackles,Jaidon Anthony,NA,5.5,41,Pointsbet,NA,2610874,104203196,108
Burnley v Brentford,Burnley,Brentford,Player Tackles,Lucas Pires,NA,0.5,1.08,Pointsbet,NA,2610874,104203196,109
Burnley v Brentford,Burnley,Brentford,Player Tackles,Lucas Pires,NA,1.5,1.42,Pointsbet,NA,2610874,104203196,110
Burnley v Brentford,Burnley,Brentford,Player Tackles,Lucas Pires,NA,2.5,2.25,Pointsbet,NA,2610874,104203196,111
Burnley v Brentford,Burnley,Brentford,Player Tackles,Lucas Pires,NA,3.5,3.9,Pointsbet,NA,2610874,104203196,112
Burnley v Brentford,Burnley,Brentford,Player Tackles,Lucas Pires,NA,4.5,8.5,Pointsbet,NA,2610874,104203196,113
Burnley v Brentford,Burnley,Brentford,Player Tackles,Lucas Pires,NA,5.5,17,Pointsbet,NA,2610874,104203196,114
Burnley v Brentford,Burnley,Brentford,Player Tackles,Q. Hartman,NA,0.5,1.1,Pointsbet,NA,2610874,104203196,115
Burnley v Brentford,Burnley,Brentford,Player Tackles,Q. Hartman,NA,1.5,1.56,Pointsbet,NA,2610874,104203196,116
Burnley v Brentford,Burnley,Brentford,Player Tackles,Q. Hartman,NA,2.5,2.5,Pointsbet,NA,2610874,104203196,117
Burnley v Brentford,Burnley,Brentford,Player Tackles,Q. Hartman,NA,3.5,4.5,Pointsbet,NA,2610874,104203196,118
Burnley v Brentford,Burnley,Brentford,Player Tackles,Q. Hartman,NA,4.5,9.5,Pointsbet,NA,2610874,104203196,119
Burnley v Brentford,Burnley,Brentford,Player Tackles,Q. Hartman,NA,5.5,19,Pointsbet,NA,2610874,104203196,120
Burnley v Brentford,Burnley,Brentford,Player Tackles,Henderson,NA,0.5,1.22,Pointsbet,NA,2610874,104203196,121
Burnley v Brentford,Burnley,Brentford,Player Tackles,Henderson,NA,1.5,2.05,Pointsbet,NA,2610874,104203196,122
Burnley v Brentford,Burnley,Brentford,Player Tackles,Henderson,NA,2.5,4.2,Pointsbet,NA,2610874,104203196,123
Burnley v Brentford,Burnley,Brentford,Player Tackles,Henderson,NA,3.5,10,Pointsbet,NA,2610874,104203196,124
Burnley v Brentford,Burnley,Brentford,Player Tackles,Henderson,NA,4.5,23,Pointsbet,NA,2610874,104203196,125
Burnley v Brentford,Burnley,Brentford,Player Tackles,Henderson,NA,5.5,71,Pointsbet,NA,2610874,104203196,126
Burnley v Brentford,Burnley,Brentford,Player Tackles,Kristoffer Ajer,Brentford,0.5,1.14,Pointsbet,Burnley,2610874,104203196,127
Burnley v Brentford,Burnley,Brentford,Player Tackles,Kristoffer Ajer,Brentford,1.5,1.71,Pointsbet,Burnley,2610874,104203196,128
Burnley v Brentford,Burnley,Brentford,Player Tackles,Kristoffer Ajer,Brentford,2.5,3.1,Pointsbet,Burnley,2610874,104203196,129
Burnley v Brentford,Burnley,Brentford,Player Tackles,Kristoffer Ajer,Brentford,3.5,6.5,Pointsbet,Burnley,2610874,104203196,130
Burnley v Brentford,Burnley,Brentford,Player Tackles,Kristoffer Ajer,Brentford,4.5,13,Pointsbet,Burnley,2610874,104203196,131
Burnley v Brentford,Burnley,Brentford,Player Tackles,Kristoffer Ajer,Brentford,5.5,36,Pointsbet,Burnley,2610874,104203196,132
Burnley v Brentford,Burnley,Brentford,Player Tackles,R. Henry,NA,0.5,1.24,Pointsbet,NA,2610874,104203196,133
Burnley v Brentford,Burnley,Brentford,Player Tackles,R. Henry,NA,1.5,2.1,Pointsbet,NA,2610874,104203196,134
Burnley v Brentford,Burnley,Brentford,Player Tackles,R. Henry,NA,2.5,4.2,Pointsbet,NA,2610874,104203196,135
Burnley v Brentford,Burnley,Brentford,Player Tackles,R. Henry,NA,3.5,10.5,Pointsbet,NA,2610874,104203196,136
Burnley v Brentford,Burnley,Brentford,Player Tackles,R. Henry,NA,4.5,26,Pointsbet,NA,2610874,104203196,137
Burnley v Brentford,Burnley,Brentford,Player Tackles,R. Henry,NA,5.5,81,Pointsbet,NA,2610874,104203196,138
Burnley v Brentford,Burnley,Brentford,Player Tackles,Mathias Jensen,Brentford,0.5,1.13,Pointsbet,Burnley,2610874,104203196,139
Burnley v Brentford,Burnley,Brentford,Player Tackles,Mathias Jensen,Brentford,1.5,1.65,Pointsbet,Burnley,2610874,104203196,140
Burnley v Brentford,Burnley,Brentford,Player Tackles,Mathias Jensen,Brentford,2.5,2.85,Pointsbet,Burnley,2610874,104203196,141
Burnley v Brentford,Burnley,Brentford,Player Tackles,Mathias Jensen,Brentford,3.5,5.25,Pointsbet,Burnley,2610874,104203196,142
Burnley v Brentford,Burnley,Brentford,Player Tackles,Mathias Jensen,Brentford,4.5,12,Pointsbet,Burnley,2610874,104203196,143
Burnley v Brentford,Burnley,Brentford,Player Tackles,Mathias Jensen,Brentford,5.5,29,Pointsbet,Burnley,2610874,104203196,144
Burnley v Brentford,Burnley,Brentford,Player Tackles,Vitaly Janelt,Brentford,0.5,1.18,Pointsbet,Burnley,2610874,104203196,145
Burnley v Brentford,Burnley,Brentford,Player Tackles,Vitaly Janelt,Brentford,1.5,1.8,Pointsbet,Burnley,2610874,104203196,146
Burnley v Brentford,Burnley,Brentford,Player Tackles,Vitaly Janelt,Brentford,2.5,3.4,Pointsbet,Burnley,2610874,104203196,147
Burnley v Brentford,Burnley,Brentford,Player Tackles,Vitaly Janelt,Brentford,3.5,7.5,Pointsbet,Burnley,2610874,104203196,148
Burnley v Brentford,Burnley,Brentford,Player Tackles,Vitaly Janelt,Brentford,4.5,17,Pointsbet,Burnley,2610874,104203196,149
Burnley v Brentford,Burnley,Brentford,Player Tackles,Vitaly Janelt,Brentford,5.5,41,Pointsbet,Burnley,2610874,104203196,150
Burnley v Brentford,Burnley,Brentford,Player Tackles,Reiss Nelson,Brentford,0.5,1.33,Pointsbet,Burnley,2610874,104203196,151
Burnley v Brentford,Burnley,Brentford,Player Tackles,Reiss Nelson,Brentford,1.5,2.55,Pointsbet,Burnley,2610874,104203196,152
Burnley v Brentford,Burnley,Brentford,Player Tackles,Reiss Nelson,Brentford,2.5,6,Pointsbet,Burnley,2610874,104203196,153
Burnley v Brentford,Burnley,Brentford,Player Tackles,Reiss Nelson,Brentford,3.5,16,Pointsbet,Burnley,2610874,104203196,154
Burnley v Brentford,Burnley,Brentford,Player Tackles,Reiss Nelson,Brentford,4.5,51,Pointsbet,Burnley,2610874,104203196,155
Burnley v Brentford,Burnley,Brentford,Player Tackles,Ethan Pinnock,Brentford,0.5,1.21,Pointsbet,Burnley,2610874,104203196,157
Burnley v Brentford,Burnley,Brentford,Player Tackles,Ethan Pinnock,Brentford,1.5,1.9,Pointsbet,Burnley,2610874,104203196,158
Burnley v Brentford,Burnley,Brentford,Player Tackles,Ethan Pinnock,Brentford,2.5,3.7,Pointsbet,Burnley,2610874,104203196,159
Burnley v Brentford,Burnley,Brentford,Player Tackles,Ethan Pinnock,Brentford,3.5,8,Pointsbet,Burnley,2610874,104203196,160
Burnley v Brentford,Burnley,Brentford,Player Tackles,Ethan Pinnock,Brentford,4.5,20,Pointsbet,Burnley,2610874,104203196,161
Burnley v Brentford,Burnley,Brentford,Player Tackles,Ethan Pinnock,Brentford,5.5,41,Pointsbet,Burnley,2610874,104203196,162
Burnley v Brentford,Burnley,Brentford,Player Tackles,Mikkel Damsgaard,Brentford,0.5,1.06,Pointsbet,Burnley,2610874,104203196,163
Burnley v Brentford,Burnley,Brentford,Player Tackles,Mikkel Damsgaard,Brentford,1.5,1.33,Pointsbet,Burnley,2610874,104203196,164
Burnley v Brentford,Burnley,Brentford,Player Tackles,Mikkel Damsgaard,Brentford,2.5,2,Pointsbet,Burnley,2610874,104203196,165
Burnley v Brentford,Burnley,Brentford,Player Tackles,Mikkel Damsgaard,Brentford,3.5,3.3,Pointsbet,Burnley,2610874,104203196,166
Burnley v Brentford,Burnley,Brentford,Player Tackles,Mikkel Damsgaard,Brentford,4.5,6,Pointsbet,Burnley,2610874,104203196,167
Burnley v Brentford,Burnley,Brentford,Player Tackles,Mikkel Damsgaard,Brentford,5.5,12,Pointsbet,Burnley,2610874,104203196,168
Burnley v Brentford,Burnley,Brentford,Player Tackles,Sepp van den Berg,Brentford,0.5,1.29,Pointsbet,Burnley,2610874,104203196,169
Burnley v Brentford,Burnley,Brentford,Player Tackles,Sepp van den Berg,Brentford,1.5,2.25,Pointsbet,Burnley,2610874,104203196,170
Burnley v Brentford,Burnley,Brentford,Player Tackles,Sepp van den Berg,Brentford,2.5,4.75,Pointsbet,Burnley,2610874,104203196,171
Burnley v Brentford,Burnley,Brentford,Player Tackles,Sepp van den Berg,Brentford,3.5,12,Pointsbet,Burnley,2610874,104203196,172
Burnley v Brentford,Burnley,Brentford,Player Tackles,Sepp van den Berg,Brentford,4.5,31,Pointsbet,Burnley,2610874,104203196,173
Burnley v Brentford,Burnley,Brentford,Player Tackles,Nathan Collins,Brentford,0.5,1.4,Pointsbet,Burnley,2610874,104203196,175
Burnley v Brentford,Burnley,Brentford,Player Tackles,Nathan Collins,Brentford,1.5,2.85,Pointsbet,Burnley,2610874,104203196,176
Burnley v Brentford,Burnley,Brentford,Player Tackles,Nathan Collins,Brentford,2.5,7,Pointsbet,Burnley,2610874,104203196,177
Burnley v Brentford,Burnley,Brentford,Player Tackles,Nathan Collins,Brentford,3.5,20,Pointsbet,Burnley,2610874,104203196,178
Burnley v Brentford,Burnley,Brentford,Player Tackles,Nathan Collins,Brentford,4.5,61,Pointsbet,Burnley,2610874,104203196,179
Burnley v Brentford,Burnley,Brentford,Player Tackles,Keane Lewis-Potter,Brentford,0.5,1.24,Pointsbet,Burnley,2610874,104203196,181
Burnley v Brentford,Burnley,Brentford,Player Tackles,Keane Lewis-Potter,Brentford,1.5,2.05,Pointsbet,Burnley,2610874,104203196,182
Burnley v Brentford,Burnley,Brentford,Player Tackles,Keane Lewis-Potter,Brentford,2.5,4.4,Pointsbet,Burnley,2610874,104203196,183
Burnley v Brentford,Burnley,Brentford,Player Tackles,Keane Lewis-Potter,Brentford,3.5,10.5,Pointsbet,Burnley,2610874,104203196,184
Burnley v Brentford,Burnley,Brentford,Player Tackles,Keane Lewis-Potter,Brentford,4.5,26,Pointsbet,Burnley,2610874,104203196,185
Burnley v Brentford,Burnley,Brentford,Player Tackles,Keane Lewis-Potter,Brentford,5.5,81,Pointsbet,Burnley,2610874,104203196,186
Burnley v Brentford,Burnley,Brentford,Player Tackles,Thiago Alc<c3><a2>ntara,NA,0.5,1.44,Pointsbet,NA,2610874,104203196,187
Burnley v Brentford,Burnley,Brentford,Player Tackles,Thiago Alc<c3><a2>ntara,NA,1.5,2.9,Pointsbet,NA,2610874,104203196,188
Burnley v Brentford,Burnley,Brentford,Player Tackles,Thiago Alc<c3><a2>ntara,NA,2.5,7.5,Pointsbet,NA,2610874,104203196,189
Burnley v Brentford,Burnley,Brentford,Player Tackles,Thiago Alc<c3><a2>ntara,NA,3.5,19,Pointsbet,NA,2610874,104203196,190
Burnley v Brentford,Burnley,Brentford,Player Tackles,Thiago Alc<c3><a2>ntara,NA,4.5,71,Pointsbet,NA,2610874,104203196,191
Burnley v Brentford,Burnley,Brentford,Player Tackles,Yegor Yarmolyuk,Brentford,0.5,1.06,Pointsbet,Burnley,2610874,104203196,193
Burnley v Brentford,Burnley,Brentford,Player Tackles,Yegor Yarmolyuk,Brentford,1.5,1.31,Pointsbet,Burnley,2610874,104203196,194
Burnley v Brentford,Burnley,Brentford,Player Tackles,Yegor Yarmolyuk,Brentford,2.5,1.95,Pointsbet,Burnley,2610874,104203196,195
Burnley v Brentford,Burnley,Brentford,Player Tackles,Yegor Yarmolyuk,Brentford,3.5,3.3,Pointsbet,Burnley,2610874,104203196,196
Burnley v Brentford,Burnley,Brentford,Player Tackles,Yegor Yarmolyuk,Brentford,4.5,6.5,Pointsbet,Burnley,2610874,104203196,197
Burnley v Brentford,Burnley,Brentford,Player Tackles,Yegor Yarmolyuk,Brentford,5.5,13,Pointsbet,Burnley,2610874,104203196,198
Burnley v Brentford,Burnley,Brentford,Player Tackles,Kevin Schade,Brentford,0.5,1.22,Pointsbet,Burnley,2610874,104203196,199
Burnley v Brentford,Burnley,Brentford,Player Tackles,Kevin Schade,Brentford,1.5,2.05,Pointsbet,Burnley,2610874,104203196,200
Burnley v Brentford,Burnley,Brentford,Player Tackles,Kevin Schade,Brentford,2.5,4.2,Pointsbet,Burnley,2610874,104203196,201
Burnley v Brentford,Burnley,Brentford,Player Tackles,Kevin Schade,Brentford,3.5,10,Pointsbet,Burnley,2610874,104203196,202
Burnley v Brentford,Burnley,Brentford,Player Tackles,Kevin Schade,Brentford,4.5,21,Pointsbet,Burnley,2610874,104203196,203
Burnley v Brentford,Burnley,Brentford,Player Tackles,Kevin Schade,Brentford,5.5,61,Pointsbet,Burnley,2610874,104203196,204
Burnley v Brentford,Burnley,Brentford,Player Tackles,Dango Ouattara,Brentford,0.5,1.16,Pointsbet,Burnley,2610874,104203196,205
Burnley v Brentford,Burnley,Brentford,Player Tackles,Dango Ouattara,Brentford,1.5,1.77,Pointsbet,Burnley,2610874,104203196,206
Burnley v Brentford,Burnley,Brentford,Player Tackles,Dango Ouattara,Brentford,2.5,3.3,Pointsbet,Burnley,2610874,104203196,207
Burnley v Brentford,Burnley,Brentford,Player Tackles,Dango Ouattara,Brentford,3.5,7,Pointsbet,Burnley,2610874,104203196,208
Burnley v Brentford,Burnley,Brentford,Player Tackles,Dango Ouattara,Brentford,4.5,17,Pointsbet,Burnley,2610874,104203196,209
Burnley v Brentford,Burnley,Brentford,Player Tackles,Dango Ouattara,Brentford,5.5,41,Pointsbet,Burnley,2610874,104203196,210
Burnley v Brentford,Burnley,Brentford,Player Tackles,Romelle Donovan,Brentford,0.5,1.24,Pointsbet,Burnley,2610874,104203196,211
Burnley v Brentford,Burnley,Brentford,Player Tackles,Romelle Donovan,Brentford,1.5,2.05,Pointsbet,Burnley,2610874,104203196,212
Burnley v Brentford,Burnley,Brentford,Player Tackles,Romelle Donovan,Brentford,2.5,4.2,Pointsbet,Burnley,2610874,104203196,213
Burnley v Brentford,Burnley,Brentford,Player Tackles,Romelle Donovan,Brentford,3.5,10,Pointsbet,Burnley,2610874,104203196,214
Burnley v Brentford,Burnley,Brentford,Player Tackles,Romelle Donovan,Brentford,4.5,23,Pointsbet,Burnley,2610874,104203196,215
Burnley v Brentford,Burnley,Brentford,Player Tackles,Romelle Donovan,Brentford,5.5,71,Pointsbet,Burnley,2610874,104203196,216
Manchester United v Crystal Palace,Manchester United,Crystal Palace,Player Tackles,Luke Shaw,Manchester United,0.5,1.1,Pointsbet,Crystal Palace,2612048,104244580,1
Manchester United v Crystal Palace,Manchester United,Crystal Palace,Player Tackles,Luke Shaw,Manchester United,1.5,1.53,Pointsbet,Crystal Palace,2612048,104244580,2
Manchester United v Crystal Palace,Manchester United,Crystal Palace,Player Tackles,Luke Shaw,Manchester United,2.5,2.5,Pointsbet,Crystal Palace,2612048,104244580,3
Manchester United v Crystal Palace,Manchester United,Crystal Palace,Player Tackles,Luke Shaw,Manchester United,3.5,4.5,Pointsbet,Crystal Palace,2612048,104244580,4
Manchester United v Crystal Palace,Manchester United,Crystal Palace,Player Tackles,Luke Shaw,Manchester United,4.5,10,Pointsbet,Crystal Palace,2612048,104244580,5
Manchester United v Crystal Palace,Manchester United,Crystal Palace,Player Tackles,Luke Shaw,Manchester United,5.5,21,Pointsbet,Crystal Palace,2612048,104244580,6
Manchester United v Crystal Palace,Manchester United,Crystal Palace,Player Tackles,Casemiro,Manchester United,0.5,1.02,Pointsbet,Crystal Palace,2612048,104244580,7
Manchester United v Crystal Palace,Manchester United,Crystal Palace,Player Tackles,Casemiro,Manchester United,1.5,1.13,Pointsbet,Crystal Palace,2612048,104244580,8
Manchester United v Crystal Palace,Manchester United,Crystal Palace,Player Tackles,Casemiro,Manchester United,2.5,1.42,Pointsbet,Crystal Palace,2612048,104244580,9
Manchester United v Crystal Palace,Manchester United,Crystal Palace,Player Tackles,Casemiro,Manchester United,3.5,2,Pointsbet,Crystal Palace,2612048,104244580,10
Manchester United v Crystal Palace,Manchester United,Crystal Palace,Player Tackles,Casemiro,Manchester United,4.5,3.25,Pointsbet,Crystal Palace,2612048,104244580,11
Manchester United v Crystal Palace,Manchester United,Crystal Palace,Player Tackles,Casemiro,Manchester United,5.5,5.25,Pointsbet,Crystal Palace,2612048,104244580,12
Manchester United v Crystal Palace,Manchester United,Crystal Palace,Player Tackles,Bruno Fernandes,Manchester United,0.5,1.14,Pointsbet,Crystal Palace,2612048,104244580,13
Manchester United v Crystal Palace,Manchester United,Crystal Palace,Player Tackles,Bruno Fernandes,Manchester United,1.5,1.69,Pointsbet,Crystal Palace,2612048,104244580,14
Manchester United v Crystal Palace,Manchester United,Crystal Palace,Player Tackles,Bruno Fernandes,Manchester United,2.5,3,Pointsbet,Crystal Palace,2612048,104244580,15
Manchester United v Crystal Palace,Manchester United,Crystal Palace,Player Tackles,Bruno Fernandes,Manchester United,3.5,6,Pointsbet,Crystal Palace,2612048,104244580,16
Manchester United v Crystal Palace,Manchester United,Crystal Palace,Player Tackles,Bruno Fernandes,Manchester United,4.5,13,Pointsbet,Crystal Palace,2612048,104244580,17
Manchester United v Crystal Palace,Manchester United,Crystal Palace,Player Tackles,Bruno Fernandes,Manchester United,5.5,29,Pointsbet,Crystal Palace,2612048,104244580,18
Manchester United v Crystal Palace,Manchester United,Crystal Palace,Player Tackles,Harry Maguire,Manchester United,0.5,1.36,Pointsbet,Crystal Palace,2612048,104244580,19
Manchester United v Crystal Palace,Manchester United,Crystal Palace,Player Tackles,Harry Maguire,Manchester United,1.5,2.7,Pointsbet,Crystal Palace,2612048,104244580,20
Manchester United v Crystal Palace,Manchester United,Crystal Palace,Player Tackles,Harry Maguire,Manchester United,2.5,6.5,Pointsbet,Crystal Palace,2612048,104244580,21
Manchester United v Crystal Palace,Manchester United,Crystal Palace,Player Tackles,Harry Maguire,Manchester United,3.5,16,Pointsbet,Crystal Palace,2612048,104244580,22
Manchester United v Crystal Palace,Manchester United,Crystal Palace,Player Tackles,Harry Maguire,Manchester United,4.5,41,Pointsbet,Crystal Palace,2612048,104244580,23
Manchester United v Crystal Palace,Manchester United,Crystal Palace,Player Tackles,Noussair Mazraoui,Manchester United,0.5,1.04,Pointsbet,Crystal Palace,2612048,104244580,25
Manchester United v Crystal Palace,Manchester United,Crystal Palace,Player Tackles,Noussair Mazraoui,Manchester United,1.5,1.24,Pointsbet,Crystal Palace,2612048,104244580,26
Manchester United v Crystal Palace,Manchester United,Crystal Palace,Player Tackles,Noussair Mazraoui,Manchester United,2.5,1.71,Pointsbet,Crystal Palace,2612048,104244580,27
Manchester United v Crystal Palace,Manchester United,Crystal Palace,Player Tackles,Noussair Mazraoui,Manchester United,3.5,2.75,Pointsbet,Crystal Palace,2612048,104244580,28
Manchester United v Crystal Palace,Manchester United,Crystal Palace,Player Tackles,Noussair Mazraoui,Manchester United,4.5,4.5,Pointsbet,Crystal Palace,2612048,104244580,29
Manchester United v Crystal Palace,Manchester United,Crystal Palace,Player Tackles,Noussair Mazraoui,Manchester United,5.5,9,Pointsbet,Crystal Palace,2612048,104244580,30
Manchester United v Crystal Palace,Manchester United,Crystal Palace,Player Tackles,T. Malacia,NA,0.5,1.08,Pointsbet,NA,2612048,104244580,31
Manchester United v Crystal Palace,Manchester United,Crystal Palace,Player Tackles,T. Malacia,NA,1.5,1.36,Pointsbet,NA,2612048,104244580,32
Manchester United v Crystal Palace,Manchester United,Crystal Palace,Player Tackles,T. Malacia,NA,2.5,2.1,Pointsbet,NA,2612048,104244580,33
Manchester United v Crystal Palace,Manchester United,Crystal Palace,Player Tackles,T. Malacia,NA,3.5,3.7,Pointsbet,NA,2612048,104244580,34
Manchester United v Crystal Palace,Manchester United,Crystal Palace,Player Tackles,T. Malacia,NA,4.5,7,Pointsbet,NA,2612048,104244580,35
Manchester United v Crystal Palace,Manchester United,Crystal Palace,Player Tackles,T. Malacia,NA,5.5,13,Pointsbet,NA,2612048,104244580,36
Manchester United v Crystal Palace,Manchester United,Crystal Palace,Player Tackles,Diogo Dalot,Manchester United,0.5,1.1,Pointsbet,Crystal Palace,2612048,104244580,37
Manchester United v Crystal Palace,Manchester United,Crystal Palace,Player Tackles,Diogo Dalot,Manchester United,1.5,1.53,Pointsbet,Crystal Palace,2612048,104244580,38
Manchester United v Crystal Palace,Manchester United,Crystal Palace,Player Tackles,Diogo Dalot,Manchester United,2.5,2.4,Pointsbet,Crystal Palace,2612048,104244580,39
Manchester United v Crystal Palace,Manchester United,Crystal Palace,Player Tackles,Diogo Dalot,Manchester United,3.5,4.75,Pointsbet,Crystal Palace,2612048,104244580,40
Manchester United v Crystal Palace,Manchester United,Crystal Palace,Player Tackles,Diogo Dalot,Manchester United,4.5,10,Pointsbet,Crystal Palace,2612048,104244580,41
Manchester United v Crystal Palace,Manchester United,Crystal Palace,Player Tackles,Diogo Dalot,Manchester United,5.5,20,Pointsbet,Crystal Palace,2612048,104244580,42
Manchester United v Crystal Palace,Manchester United,Crystal Palace,Player Tackles,Matheus Cunha,Manchester United,0.5,1.29,Pointsbet,Crystal Palace,2612048,104244580,43
Manchester United v Crystal Palace,Manchester United,Crystal Palace,Player Tackles,Matheus Cunha,Manchester United,1.5,2.3,Pointsbet,Crystal Palace,2612048,104244580,44
Manchester United v Crystal Palace,Manchester United,Crystal Palace,Player Tackles,Matheus Cunha,Manchester United,2.5,5,Pointsbet,Crystal Palace,2612048,104244580,45
Manchester United v Crystal Palace,Manchester United,Crystal Palace,Player Tackles,Matheus Cunha,Manchester United,3.5,12,Pointsbet,Crystal Palace,2612048,104244580,46
Manchester United v Crystal Palace,Manchester United,Crystal Palace,Player Tackles,Matheus Cunha,Manchester United,4.5,31,Pointsbet,Crystal Palace,2612048,104244580,47
Manchester United v Crystal Palace,Manchester United,Crystal Palace,Player Tackles,Matheus Cunha,Manchester United,5.5,91,Pointsbet,Crystal Palace,2612048,104244580,48
Manchester United v Crystal Palace,Manchester United,Crystal Palace,Player Tackles,Joshua Zirkzee,Manchester United,0.5,1.4,Pointsbet,Crystal Palace,2612048,104244580,49
Manchester United v Crystal Palace,Manchester United,Crystal Palace,Player Tackles,Joshua Zirkzee,Manchester United,1.5,2.75,Pointsbet,Crystal Palace,2612048,104244580,50
Manchester United v Crystal Palace,Manchester United,Crystal Palace,Player Tackles,Joshua Zirkzee,Manchester United,2.5,6.5,Pointsbet,Crystal Palace,2612048,104244580,51
Manchester United v Crystal Palace,Manchester United,Crystal Palace,Player Tackles,Joshua Zirkzee,Manchester United,3.5,17,Pointsbet,Crystal Palace,2612048,104244580,52
Manchester United v Crystal Palace,Manchester United,Crystal Palace,Player Tackles,Joshua Zirkzee,Manchester United,4.5,51,Pointsbet,Crystal Palace,2612048,104244580,53
Manchester United v Crystal Palace,Manchester United,Crystal Palace,Player Tackles,Bryan Mbeumo,Manchester United,0.5,1.4,Pointsbet,Crystal Palace,2612048,104244580,55
Manchester United v Crystal Palace,Manchester United,Crystal Palace,Player Tackles,Bryan Mbeumo,Manchester United,1.5,2.85,Pointsbet,Crystal Palace,2612048,104244580,56
Manchester United v Crystal Palace,Manchester United,Crystal Palace,Player Tackles,Bryan Mbeumo,Manchester United,2.5,7,Pointsbet,Crystal Palace,2612048,104244580,57
Manchester United v Crystal Palace,Manchester United,Crystal Palace,Player Tackles,Bryan Mbeumo,Manchester United,3.5,17,Pointsbet,Crystal Palace,2612048,104244580,58
Manchester United v Crystal Palace,Manchester United,Crystal Palace,Player Tackles,Bryan Mbeumo,Manchester United,4.5,51,Pointsbet,Crystal Palace,2612048,104244580,59
Manchester United v Crystal Palace,Manchester United,Crystal Palace,Player Tackles,B. Šeško,NA,0.5,2.1,Pointsbet,NA,2612048,104244580,61
Manchester United v Crystal Palace,Manchester United,Crystal Palace,Player Tackles,B. Šeško,NA,1.5,6.5,Pointsbet,NA,2612048,104244580,62
Manchester United v Crystal Palace,Manchester United,Crystal Palace,Player Tackles,B. Šeško,NA,2.5,21,Pointsbet,NA,2612048,104244580,63
Manchester United v Crystal Palace,Manchester United,Crystal Palace,Player Tackles,B. Šeško,NA,3.5,81,Pointsbet,NA,2612048,104244580,64
Manchester United v Crystal Palace,Manchester United,Crystal Palace,Player Tackles,M. Ugarte,NA,0.5,1.01,Pointsbet,NA,2612048,104244580,67
Manchester United v Crystal Palace,Manchester United,Crystal Palace,Player Tackles,M. Ugarte,NA,1.5,1.11,Pointsbet,NA,2612048,104244580,68
Manchester United v Crystal Palace,Manchester United,Crystal Palace,Player Tackles,M. Ugarte,NA,2.5,1.33,Pointsbet,NA,2612048,104244580,69
Manchester United v Crystal Palace,Manchester United,Crystal Palace,Player Tackles,M. Ugarte,NA,3.5,1.83,Pointsbet,NA,2612048,104244580,70
Manchester United v Crystal Palace,Manchester United,Crystal Palace,Player Tackles,M. Ugarte,NA,4.5,2.85,Pointsbet,NA,2612048,104244580,71
Manchester United v Crystal Palace,Manchester United,Crystal Palace,Player Tackles,M. Ugarte,NA,5.5,4.5,Pointsbet,NA,2612048,104244580,72
Manchester United v Crystal Palace,Manchester United,Crystal Palace,Player Tackles,A. Diallo,NA,0.5,1.19,Pointsbet,NA,2612048,104244580,73
Manchester United v Crystal Palace,Manchester United,Crystal Palace,Player Tackles,A. Diallo,NA,1.5,1.87,Pointsbet,NA,2612048,104244580,74
Manchester United v Crystal Palace,Manchester United,Crystal Palace,Player Tackles,A. Diallo,NA,2.5,3.6,Pointsbet,NA,2612048,104244580,75
Manchester United v Crystal Palace,Manchester United,Crystal Palace,Player Tackles,A. Diallo,NA,3.5,7.5,Pointsbet,NA,2612048,104244580,76
Manchester United v Crystal Palace,Manchester United,Crystal Palace,Player Tackles,A. Diallo,NA,4.5,19,Pointsbet,NA,2612048,104244580,77
Manchester United v Crystal Palace,Manchester United,Crystal Palace,Player Tackles,A. Diallo,NA,5.5,41,Pointsbet,NA,2612048,104244580,78
Manchester United v Crystal Palace,Manchester United,Crystal Palace,Player Tackles,Leny Yoro,Manchester United,0.5,1.18,Pointsbet,Crystal Palace,2612048,104244580,79
Manchester United v Crystal Palace,Manchester United,Crystal Palace,Player Tackles,Leny Yoro,Manchester United,1.5,1.83,Pointsbet,Crystal Palace,2612048,104244580,80
Manchester United v Crystal Palace,Manchester United,Crystal Palace,Player Tackles,Leny Yoro,Manchester United,2.5,3.4,Pointsbet,Crystal Palace,2612048,104244580,81
Manchester United v Crystal Palace,Manchester United,Crystal Palace,Player Tackles,Leny Yoro,Manchester United,3.5,7,Pointsbet,Crystal Palace,2612048,104244580,82
Manchester United v Crystal Palace,Manchester United,Crystal Palace,Player Tackles,Leny Yoro,Manchester United,4.5,16,Pointsbet,Crystal Palace,2612048,104244580,83
Manchester United v Crystal Palace,Manchester United,Crystal Palace,Player Tackles,Leny Yoro,Manchester United,5.5,41,Pointsbet,Crystal Palace,2612048,104244580,84
Manchester United v Crystal Palace,Manchester United,Crystal Palace,Player Tackles,T. Fredricson,NA,0.5,1.19,Pointsbet,NA,2612048,104244580,85
Manchester United v Crystal Palace,Manchester United,Crystal Palace,Player Tackles,T. Fredricson,NA,1.5,1.87,Pointsbet,NA,2612048,104244580,86
Manchester United v Crystal Palace,Manchester United,Crystal Palace,Player Tackles,T. Fredricson,NA,2.5,3.7,Pointsbet,NA,2612048,104244580,87
Manchester United v Crystal Palace,Manchester United,Crystal Palace,Player Tackles,T. Fredricson,NA,3.5,8,Pointsbet,NA,2612048,104244580,88
Manchester United v Crystal Palace,Manchester United,Crystal Palace,Player Tackles,T. Fredricson,NA,4.5,20,Pointsbet,NA,2612048,104244580,89
Manchester United v Crystal Palace,Manchester United,Crystal Palace,Player Tackles,T. Fredricson,NA,5.5,41,Pointsbet,NA,2612048,104244580,90
Manchester United v Crystal Palace,Manchester United,Crystal Palace,Player Tackles,Kobbie Mainoo,Manchester United,0.5,1.07,Pointsbet,Crystal Palace,2612048,104244580,91
Manchester United v Crystal Palace,Manchester United,Crystal Palace,Player Tackles,Kobbie Mainoo,Manchester United,1.5,1.33,Pointsbet,Crystal Palace,2612048,104244580,92
Manchester United v Crystal Palace,Manchester United,Crystal Palace,Player Tackles,Kobbie Mainoo,Manchester United,2.5,2.05,Pointsbet,Crystal Palace,2612048,104244580,93
Manchester United v Crystal Palace,Manchester United,Crystal Palace,Player Tackles,Kobbie Mainoo,Manchester United,3.5,3.6,Pointsbet,Crystal Palace,2612048,104244580,94
Manchester United v Crystal Palace,Manchester United,Crystal Palace,Player Tackles,Kobbie Mainoo,Manchester United,4.5,7,Pointsbet,Crystal Palace,2612048,104244580,95
Manchester United v Crystal Palace,Manchester United,Crystal Palace,Player Tackles,Kobbie Mainoo,Manchester United,5.5,13,Pointsbet,Crystal Palace,2612048,104244580,96
Manchester United v Crystal Palace,Manchester United,Crystal Palace,Player Tackles,Ayden Heaven,Manchester United,0.5,1.25,Pointsbet,Crystal Palace,2612048,104244580,97
Manchester United v Crystal Palace,Manchester United,Crystal Palace,Player Tackles,Ayden Heaven,Manchester United,1.5,2.2,Pointsbet,Crystal Palace,2612048,104244580,98
Manchester United v Crystal Palace,Manchester United,Crystal Palace,Player Tackles,Ayden Heaven,Manchester United,2.5,4.5,Pointsbet,Crystal Palace,2612048,104244580,99
Manchester United v Crystal Palace,Manchester United,Crystal Palace,Player Tackles,Ayden Heaven,Manchester United,3.5,11,Pointsbet,Crystal Palace,2612048,104244580,100
Manchester United v Crystal Palace,Manchester United,Crystal Palace,Player Tackles,Ayden Heaven,Manchester United,4.5,26,Pointsbet,Crystal Palace,2612048,104244580,101
Manchester United v Crystal Palace,Manchester United,Crystal Palace,Player Tackles,Ayden Heaven,Manchester United,5.5,81,Pointsbet,Crystal Palace,2612048,104244580,102
Manchester United v Crystal Palace,Manchester United,Crystal Palace,Player Tackles,Nathaniel Clyne,Crystal Palace,0.5,1.1,Pointsbet,Manchester United,2612048,104244580,109
Manchester United v Crystal Palace,Manchester United,Crystal Palace,Player Tackles,Nathaniel Clyne,Crystal Palace,1.5,1.56,Pointsbet,Manchester United,2612048,104244580,110
Manchester United v Crystal Palace,Manchester United,Crystal Palace,Player Tackles,Nathaniel Clyne,Crystal Palace,2.5,2.5,Pointsbet,Manchester United,2612048,104244580,111
Manchester United v Crystal Palace,Manchester United,Crystal Palace,Player Tackles,Nathaniel Clyne,Crystal Palace,3.5,4.75,Pointsbet,Manchester United,2612048,104244580,112
Manchester United v Crystal Palace,Manchester United,Crystal Palace,Player Tackles,Nathaniel Clyne,Crystal Palace,4.5,10.5,Pointsbet,Manchester United,2612048,104244580,113
Manchester United v Crystal Palace,Manchester United,Crystal Palace,Player Tackles,Nathaniel Clyne,Crystal Palace,5.5,21,Pointsbet,Manchester United,2612048,104244580,114
Manchester United v Crystal Palace,Manchester United,Crystal Palace,Player Tackles,Will Hughes,Crystal Palace,0.5,1.09,Pointsbet,Manchester United,2612048,104244580,115
Manchester United v Crystal Palace,Manchester United,Crystal Palace,Player Tackles,Will Hughes,Crystal Palace,1.5,1.5,Pointsbet,Manchester United,2612048,104244580,116
Manchester United v Crystal Palace,Manchester United,Crystal Palace,Player Tackles,Will Hughes,Crystal Palace,2.5,2.4,Pointsbet,Manchester United,2612048,104244580,117
Manchester United v Crystal Palace,Manchester United,Crystal Palace,Player Tackles,Will Hughes,Crystal Palace,3.5,4.4,Pointsbet,Manchester United,2612048,104244580,118
Manchester United v Crystal Palace,Manchester United,Crystal Palace,Player Tackles,Will Hughes,Crystal Palace,4.5,9,Pointsbet,Manchester United,2612048,104244580,119
Manchester United v Crystal Palace,Manchester United,Crystal Palace,Player Tackles,Will Hughes,Crystal Palace,5.5,19,Pointsbet,Manchester United,2612048,104244580,120
Manchester United v Crystal Palace,Manchester United,Crystal Palace,Player Tackles,Isma<c3><af>la Sarr,NA,0.5,1.63,Pointsbet,NA,2612048,104244580,121
Manchester United v Crystal Palace,Manchester United,Crystal Palace,Player Tackles,Isma<c3><af>la Sarr,NA,1.5,3.4,Pointsbet,NA,2612048,104244580,122
Manchester United v Crystal Palace,Manchester United,Crystal Palace,Player Tackles,Isma<c3><af>la Sarr,NA,2.5,9.5,Pointsbet,NA,2612048,104244580,123
Manchester United v Crystal Palace,Manchester United,Crystal Palace,Player Tackles,Isma<c3><af>la Sarr,NA,3.5,29,Pointsbet,NA,2612048,104244580,124
Manchester United v Crystal Palace,Manchester United,Crystal Palace,Player Tackles,Isma<c3><af>la Sarr,NA,4.5,81,Pointsbet,NA,2612048,104244580,125
Manchester United v Crystal Palace,Manchester United,Crystal Palace,Player Tackles,D. Muñoz,NA,0.5,1.03,Pointsbet,NA,2612048,104244580,127
Manchester United v Crystal Palace,Manchester United,Crystal Palace,Player Tackles,D. Muñoz,NA,1.5,1.19,Pointsbet,NA,2612048,104244580,128
Manchester United v Crystal Palace,Manchester United,Crystal Palace,Player Tackles,D. Muñoz,NA,2.5,1.63,Pointsbet,NA,2612048,104244580,129
Manchester United v Crystal Palace,Manchester United,Crystal Palace,Player Tackles,D. Muñoz,NA,3.5,2.4,Pointsbet,NA,2612048,104244580,130
Manchester United v Crystal Palace,Manchester United,Crystal Palace,Player Tackles,D. Muñoz,NA,4.5,4.2,Pointsbet,NA,2612048,104244580,131
Manchester United v Crystal Palace,Manchester United,Crystal Palace,Player Tackles,D. Muñoz,NA,5.5,7.5,Pointsbet,NA,2612048,104244580,132
Manchester United v Crystal Palace,Manchester United,Crystal Palace,Player Tackles,J<c3><b8>rgen Strand Larsen,NA,0.5,2.5,Pointsbet,NA,2612048,104244580,139
Manchester United v Crystal Palace,Manchester United,Crystal Palace,Player Tackles,J<c3><b8>rgen Strand Larsen,NA,1.5,8,Pointsbet,NA,2612048,104244580,140
Manchester United v Crystal Palace,Manchester United,Crystal Palace,Player Tackles,J<c3><b8>rgen Strand Larsen,NA,2.5,31,Pointsbet,NA,2612048,104244580,141
Manchester United v Crystal Palace,Manchester United,Crystal Palace,Player Tackles,M. Lacroix,NA,0.5,1.21,Pointsbet,NA,2612048,104244580,151
Manchester United v Crystal Palace,Manchester United,Crystal Palace,Player Tackles,M. Lacroix,NA,1.5,1.87,Pointsbet,NA,2612048,104244580,152
Manchester United v Crystal Palace,Manchester United,Crystal Palace,Player Tackles,M. Lacroix,NA,2.5,3.7,Pointsbet,NA,2612048,104244580,153
Manchester United v Crystal Palace,Manchester United,Crystal Palace,Player Tackles,M. Lacroix,NA,3.5,7.5,Pointsbet,NA,2612048,104244580,154
Manchester United v Crystal Palace,Manchester United,Crystal Palace,Player Tackles,M. Lacroix,NA,4.5,17,Pointsbet,NA,2612048,104244580,155
Manchester United v Crystal Palace,Manchester United,Crystal Palace,Player Tackles,M. Lacroix,NA,5.5,41,Pointsbet,NA,2612048,104244580,156
Manchester United v Crystal Palace,Manchester United,Crystal Palace,Player Tackles,Chris Richards,Crystal Palace,0.5,1.09,Pointsbet,Manchester United,2612048,104244580,157
Manchester United v Crystal Palace,Manchester United,Crystal Palace,Player Tackles,Chris Richards,Crystal Palace,1.5,1.5,Pointsbet,Manchester United,2612048,104244580,158
Manchester United v Crystal Palace,Manchester United,Crystal Palace,Player Tackles,Chris Richards,Crystal Palace,2.5,2.4,Pointsbet,Manchester United,2612048,104244580,159
Manchester United v Crystal Palace,Manchester United,Crystal Palace,Player Tackles,Chris Richards,Crystal Palace,3.5,4.4,Pointsbet,Manchester United,2612048,104244580,160
Manchester United v Crystal Palace,Manchester United,Crystal Palace,Player Tackles,Chris Richards,Crystal Palace,4.5,9.5,Pointsbet,Manchester United,2612048,104244580,161
Manchester United v Crystal Palace,Manchester United,Crystal Palace,Player Tackles,Chris Richards,Crystal Palace,5.5,20,Pointsbet,Manchester United,2612048,104244580,162
Manchester United v Crystal Palace,Manchester United,Crystal Palace,Player Tackles,Sosa,NA,0.5,1.02,Pointsbet,NA,2612048,104244580,163
Manchester United v Crystal Palace,Manchester United,Crystal Palace,Player Tackles,Sosa,NA,1.5,1.13,Pointsbet,NA,2612048,104244580,164
Manchester United v Crystal Palace,Manchester United,Crystal Palace,Player Tackles,Sosa,NA,2.5,1.4,Pointsbet,NA,2612048,104244580,165
Manchester United v Crystal Palace,Manchester United,Crystal Palace,Player Tackles,Sosa,NA,3.5,2,Pointsbet,NA,2612048,104244580,166
Manchester United v Crystal Palace,Manchester United,Crystal Palace,Player Tackles,Sosa,NA,4.5,3.1,Pointsbet,NA,2612048,104244580,167
Manchester United v Crystal Palace,Manchester United,Crystal Palace,Player Tackles,Sosa,NA,5.5,5,Pointsbet,NA,2612048,104244580,168
Manchester United v Crystal Palace,Manchester United,Crystal Palace,Player Tackles,Brennan Johnson,Tottenham Hotspur,0.5,1.18,Pointsbet,Manchester United,2612048,104244580,169
Manchester United v Crystal Palace,Manchester United,Crystal Palace,Player Tackles,Brennan Johnson,Crystal Palace,0.5,1.18,Pointsbet,Manchester United,2612048,104244580,169
Manchester United v Crystal Palace,Manchester United,Crystal Palace,Player Tackles,Brennan Johnson,Tottenham Hotspur,1.5,1.83,Pointsbet,Manchester United,2612048,104244580,170
Manchester United v Crystal Palace,Manchester United,Crystal Palace,Player Tackles,Brennan Johnson,Crystal Palace,1.5,1.83,Pointsbet,Manchester United,2612048,104244580,170
Manchester United v Crystal Palace,Manchester United,Crystal Palace,Player Tackles,Brennan Johnson,Tottenham Hotspur,2.5,3.4,Pointsbet,Manchester United,2612048,104244580,171
Manchester United v Crystal Palace,Manchester United,Crystal Palace,Player Tackles,Brennan Johnson,Crystal Palace,2.5,3.4,Pointsbet,Manchester United,2612048,104244580,171
Manchester United v Crystal Palace,Manchester United,Crystal Palace,Player Tackles,Brennan Johnson,Tottenham Hotspur,3.5,7,Pointsbet,Manchester United,2612048,104244580,172
Manchester United v Crystal Palace,Manchester United,Crystal Palace,Player Tackles,Brennan Johnson,Crystal Palace,3.5,7,Pointsbet,Manchester United,2612048,104244580,172
Manchester United v Crystal Palace,Manchester United,Crystal Palace,Player Tackles,Brennan Johnson,Tottenham Hotspur,4.5,16,Pointsbet,Manchester United,2612048,104244580,173
Manchester United v Crystal Palace,Manchester United,Crystal Palace,Player Tackles,Brennan Johnson,Crystal Palace,4.5,16,Pointsbet,Manchester United,2612048,104244580,173
Manchester United v Crystal Palace,Manchester United,Crystal Palace,Player Tackles,Brennan Johnson,Tottenham Hotspur,5.5,36,Pointsbet,Manchester United,2612048,104244580,174
Manchester United v Crystal Palace,Manchester United,Crystal Palace,Player Tackles,Brennan Johnson,Crystal Palace,5.5,36,Pointsbet,Manchester United,2612048,104244580,174
Manchester United v Crystal Palace,Manchester United,Crystal Palace,Player Tackles,E. Guessand,NA,0.5,1.15,Pointsbet,NA,2612048,104244580,175
Manchester United v Crystal Palace,Manchester United,Crystal Palace,Player Tackles,E. Guessand,NA,1.5,1.71,Pointsbet,NA,2612048,104244580,176
Manchester United v Crystal Palace,Manchester United,Crystal Palace,Player Tackles,E. Guessand,NA,2.5,2.9,Pointsbet,NA,2612048,104244580,177
Manchester United v Crystal Palace,Manchester United,Crystal Palace,Player Tackles,E. Guessand,NA,3.5,6,Pointsbet,NA,2612048,104244580,178
Manchester United v Crystal Palace,Manchester United,Crystal Palace,Player Tackles,E. Guessand,NA,4.5,13,Pointsbet,NA,2612048,104244580,179
Manchester United v Crystal Palace,Manchester United,Crystal Palace,Player Tackles,E. Guessand,NA,5.5,29,Pointsbet,NA,2612048,104244580,180
Manchester United v Crystal Palace,Manchester United,Crystal Palace,Player Tackles,Tyrick Mitchell,Crystal Palace,0.5,1.03,Pointsbet,Manchester United,2612048,104244580,181
Manchester United v Crystal Palace,Manchester United,Crystal Palace,Player Tackles,Tyrick Mitchell,Crystal Palace,1.5,1.18,Pointsbet,Manchester United,2612048,104244580,182
Manchester United v Crystal Palace,Manchester United,Crystal Palace,Player Tackles,Tyrick Mitchell,Crystal Palace,2.5,1.59,Pointsbet,Manchester United,2612048,104244580,183
Manchester United v Crystal Palace,Manchester United,Crystal Palace,Player Tackles,Tyrick Mitchell,Crystal Palace,3.5,2.35,Pointsbet,Manchester United,2612048,104244580,184
Manchester United v Crystal Palace,Manchester United,Crystal Palace,Player Tackles,Tyrick Mitchell,Crystal Palace,4.5,3.9,Pointsbet,Manchester United,2612048,104244580,185
Manchester United v Crystal Palace,Manchester United,Crystal Palace,Player Tackles,Tyrick Mitchell,Crystal Palace,5.5,7,Pointsbet,Manchester United,2612048,104244580,186
Manchester United v Crystal Palace,Manchester United,Crystal Palace,Player Tackles,Chadi Riad,Crystal Palace,0.5,1.22,Pointsbet,Manchester United,2612048,104244580,187
Manchester United v Crystal Palace,Manchester United,Crystal Palace,Player Tackles,Chadi Riad,Crystal Palace,1.5,1.95,Pointsbet,Manchester United,2612048,104244580,188
Manchester United v Crystal Palace,Manchester United,Crystal Palace,Player Tackles,Chadi Riad,Crystal Palace,2.5,3.9,Pointsbet,Manchester United,2612048,104244580,189
Manchester United v Crystal Palace,Manchester United,Crystal Palace,Player Tackles,Chadi Riad,Crystal Palace,3.5,9,Pointsbet,Manchester United,2612048,104244580,190
Manchester United v Crystal Palace,Manchester United,Crystal Palace,Player Tackles,Chadi Riad,Crystal Palace,4.5,20,Pointsbet,Manchester United,2612048,104244580,191
Manchester United v Crystal Palace,Manchester United,Crystal Palace,Player Tackles,Chadi Riad,Crystal Palace,5.5,51,Pointsbet,Manchester United,2612048,104244580,192
Manchester United v Crystal Palace,Manchester United,Crystal Palace,Player Tackles,Yeremi Pino,NA,0.5,1.1,Pointsbet,NA,2612048,104244580,193
Manchester United v Crystal Palace,Manchester United,Crystal Palace,Player Tackles,Yeremi Pino,NA,1.5,1.53,Pointsbet,NA,2612048,104244580,194
Manchester United v Crystal Palace,Manchester United,Crystal Palace,Player Tackles,Yeremi Pino,NA,2.5,2.5,Pointsbet,NA,2612048,104244580,195
Manchester United v Crystal Palace,Manchester United,Crystal Palace,Player Tackles,Yeremi Pino,NA,3.5,4.5,Pointsbet,NA,2612048,104244580,196
Manchester United v Crystal Palace,Manchester United,Crystal Palace,Player Tackles,Yeremi Pino,NA,4.5,9.5,Pointsbet,NA,2612048,104244580,197
Manchester United v Crystal Palace,Manchester United,Crystal Palace,Player Tackles,Yeremi Pino,NA,5.5,19,Pointsbet,NA,2612048,104244580,198
Manchester United v Crystal Palace,Manchester United,Crystal Palace,Player Tackles,J. Devenny,NA,0.5,1.06,Pointsbet,NA,2612048,104244580,199
Manchester United v Crystal Palace,Manchester United,Crystal Palace,Player Tackles,J. Devenny,NA,1.5,1.29,Pointsbet,NA,2612048,104244580,200
Manchester United v Crystal Palace,Manchester United,Crystal Palace,Player Tackles,J. Devenny,NA,2.5,1.87,Pointsbet,NA,2612048,104244580,201
Manchester United v Crystal Palace,Manchester United,Crystal Palace,Player Tackles,J. Devenny,NA,3.5,3.1,Pointsbet,NA,2612048,104244580,202
Manchester United v Crystal Palace,Manchester United,Crystal Palace,Player Tackles,J. Devenny,NA,4.5,5.75,Pointsbet,NA,2612048,104244580,203
Manchester United v Crystal Palace,Manchester United,Crystal Palace,Player Tackles,J. Devenny,NA,5.5,11,Pointsbet,NA,2612048,104244580,204
Manchester United v Crystal Palace,Manchester United,Crystal Palace,Player Tackles,Adam Wharton,Crystal Palace,0.5,1.06,Pointsbet,Manchester United,2612048,104244580,205
Manchester United v Crystal Palace,Manchester United,Crystal Palace,Player Tackles,Adam Wharton,Crystal Palace,1.5,1.31,Pointsbet,Manchester United,2612048,104244580,206
Manchester United v Crystal Palace,Manchester United,Crystal Palace,Player Tackles,Adam Wharton,Crystal Palace,2.5,1.87,Pointsbet,Manchester United,2612048,104244580,207
Manchester United v Crystal Palace,Manchester United,Crystal Palace,Player Tackles,Adam Wharton,Crystal Palace,3.5,3.1,Pointsbet,Manchester United,2612048,104244580,208
Manchester United v Crystal Palace,Manchester United,Crystal Palace,Player Tackles,Adam Wharton,Crystal Palace,4.5,5.75,Pointsbet,Manchester United,2612048,104244580,209
Manchester United v Crystal Palace,Manchester United,Crystal Palace,Player Tackles,Adam Wharton,Crystal Palace,5.5,12,Pointsbet,Manchester United,2612048,104244580,210
Manchester United v Crystal Palace,Manchester United,Crystal Palace,Player Tackles,Uche,NA,0.5,1.5,Pointsbet,NA,2612048,104244580,211
Manchester United v Crystal Palace,Manchester United,Crystal Palace,Player Tackles,Uche,NA,1.5,3.1,Pointsbet,NA,2612048,104244580,212
Manchester United v Crystal Palace,Manchester United,Crystal Palace,Player Tackles,Uche,NA,2.5,7.5,Pointsbet,NA,2612048,104244580,213
Manchester United v Crystal Palace,Manchester United,Crystal Palace,Player Tackles,Uche,NA,3.5,20,Pointsbet,NA,2612048,104244580,214
Manchester United v Crystal Palace,Manchester United,Crystal Palace,Player Tackles,Uche,NA,4.5,61,Pointsbet,NA,2612048,104244580,215
Manchester United v Crystal Palace,Manchester United,Crystal Palace,Player Tackles,Kaden Rodney,Crystal Palace,0.5,1.14,Pointsbet,Manchester United,2612048,104244580,217
Manchester United v Crystal Palace,Manchester United,Crystal Palace,Player Tackles,Kaden Rodney,Crystal Palace,1.5,1.65,Pointsbet,Manchester United,2612048,104244580,218
Manchester United v Crystal Palace,Manchester United,Crystal Palace,Player Tackles,Kaden Rodney,Crystal Palace,2.5,2.85,Pointsbet,Manchester United,2612048,104244580,219
Manchester United v Crystal Palace,Manchester United,Crystal Palace,Player Tackles,Kaden Rodney,Crystal Palace,3.5,5.75,Pointsbet,Manchester United,2612048,104244580,220
Manchester United v Crystal Palace,Manchester United,Crystal Palace,Player Tackles,Kaden Rodney,Crystal Palace,4.5,12,Pointsbet,Manchester United,2612048,104244580,221
Manchester United v Crystal Palace,Manchester United,Crystal Palace,Player Tackles,Kaden Rodney,Crystal Palace,5.5,29,Pointsbet,Manchester United,2612048,104244580,222
Manchester United v Crystal Palace,Manchester United,Crystal Palace,Player Tackles,Jaydee Canvot,Crystal Palace,0.5,1.1,Pointsbet,Manchester United,2612048,104244580,223
Manchester United v Crystal Palace,Manchester United,Crystal Palace,Player Tackles,Jaydee Canvot,Crystal Palace,1.5,1.56,Pointsbet,Manchester United,2612048,104244580,224
Manchester United v Crystal Palace,Manchester United,Crystal Palace,Player Tackles,Jaydee Canvot,Crystal Palace,2.5,2.5,Pointsbet,Manchester United,2612048,104244580,225
Manchester United v Crystal Palace,Manchester United,Crystal Palace,Player Tackles,Jaydee Canvot,Crystal Palace,3.5,4.75,Pointsbet,Manchester United,2612048,104244580,226
Manchester United v Crystal Palace,Manchester United,Crystal Palace,Player Tackles,Jaydee Canvot,Crystal Palace,4.5,9.5,Pointsbet,Manchester United,2612048,104244580,227
Manchester United v Crystal Palace,Manchester United,Crystal Palace,Player Tackles,Jaydee Canvot,Crystal Palace,5.5,21,Pointsbet,Manchester United,2612048,104244580,228
