match,home_team,away_team,market_name,player_name,player_team,opposition_team,line,over_price,agency,class_external_id,competition_external_id,event_external_id,market_id,player_id
Aston Villa v Leeds United,Aston Villa,Leeds United,Player Assists,Morgan Rogers,Aston Villa,Leeds United,0.5,2.7,Sportsbet,49,289,15192634,557664549,2661483561
Aston Villa v Leeds United,Aston Villa,Leeds United,Player Assists,Alysson Edward,NA,NA,0.5,3.4,Sportsbet,49,289,15192634,557664549,2661483568
Aston Villa v Leeds United,Aston Villa,Leeds United,Player Assists,Douglas Luiz,Nottingham Forest,Aston Villa,0.5,3.3,Sportsbet,49,289,15192634,557664549,2661483559
Aston Villa v Leeds United,Aston Villa,Leeds United,Player Assists,Harvey Elliott,Liverpool,Aston Villa,0.5,3.25,Sportsbet,49,289,15192634,557664549,2661483563
Aston Villa v Leeds United,Aston Villa,Leeds United,Player Assists,Harvey Elliott,Aston Villa,Leeds United,0.5,3.25,Sportsbet,49,289,15192634,557664549,2661483563
Aston Villa v Leeds United,Aston Villa,Leeds United,Player Assists,Jadon Sancho,Aston Villa,Leeds United,0.5,3.5,Sportsbet,49,289,15192634,557664549,2661483560
Aston Villa v Leeds United,Aston Villa,Leeds United,Player Assists,Leon Bailey,Aston Villa,Leeds United,0.5,3.3,Sportsbet,49,289,15192634,557664549,2661483557
Aston Villa v Leeds United,Aston Villa,Leeds United,Player Assists,Ollie Watkins,Aston Villa,Leeds United,0.5,3.5,Sportsbet,49,289,15192634,557664549,2661483551
Aston Villa v Leeds United,Aston Villa,Leeds United,Player Assists,Emiliano Buend<c3><ad>a,NA,NA,0.5,4,Sportsbet,49,289,15192634,557664549,2661483553
Aston Villa v Leeds United,Aston Villa,Leeds United,Player Assists,Ian Maatsen,Aston Villa,Leeds United,0.5,4.5,Sportsbet,49,289,15192634,557664549,2661483562
Aston Villa v Leeds United,Aston Villa,Leeds United,Player Assists,Lucas Digne,Aston Villa,Leeds United,0.5,4,Sportsbet,49,289,15192634,557664549,2661483549
Aston Villa v Leeds United,Aston Villa,Leeds United,Player Assists,Matty Cash,Aston Villa,Leeds United,0.5,4.5,Sportsbet,49,289,15192634,557664549,2661483555
Aston Villa v Leeds United,Aston Villa,Leeds United,Player Assists,Ross Barkley,Aston Villa,Leeds United,0.5,4,Sportsbet,49,289,15192634,557664549,2661483548
Aston Villa v Leeds United,Aston Villa,Leeds United,Player Assists,Tammy Abraham,NA,NA,0.5,4.33,Sportsbet,49,289,15192634,557664549,2661483556
Aston Villa v Leeds United,Aston Villa,Leeds United,Player Assists,Amadou Onana,Aston Villa,Leeds United,0.5,5.5,Sportsbet,49,289,15192634,557664549,2661483564
Aston Villa v Leeds United,Aston Villa,Leeds United,Player Assists,Andres Garcia,NA,NA,0.5,5,Sportsbet,49,289,15192634,557664549,2661483566
Aston Villa v Leeds United,Aston Villa,Leeds United,Player Assists,George Hemmings,Aston Villa,Leeds United,0.5,6,Sportsbet,49,289,15192634,557664549,2661483567
Aston Villa v Leeds United,Aston Villa,Leeds United,Player Assists,Lamare Bogarde,Aston Villa,Leeds United,0.5,6,Sportsbet,49,289,15192634,557664549,2661483565
Aston Villa v Leeds United,Aston Villa,Leeds United,Player Assists,Ezri Konsa,Aston Villa,Leeds United,0.5,7.5,Sportsbet,49,289,15192634,557664549,2661483554
Aston Villa v Leeds United,Aston Villa,Leeds United,Player Assists,Pau Torres,Aston Villa,Leeds United,0.5,7.5,Sportsbet,49,289,15192634,557664549,2661483558
Aston Villa v Leeds United,Aston Villa,Leeds United,Player Assists,Victor Lindelof,NA,NA,0.5,7.5,Sportsbet,49,289,15192634,557664549,2661483552
Aston Villa v Leeds United,Aston Villa,Leeds United,Player Assists,Tyrone Mings,Aston Villa,Leeds United,0.5,8,Sportsbet,49,289,15192634,557664549,2661483550
Aston Villa v Leeds United,Aston Villa,Leeds United,Player Assists,Anton Stach,NA,NA,0.5,3.4,Sportsbet,49,289,15192634,557664549,2661483587
Aston Villa v Leeds United,Aston Villa,Leeds United,Player Assists,Brenden Aaronson,NA,NA,0.5,4.33,Sportsbet,49,289,15192634,557664549,2661483583
Aston Villa v Leeds United,Aston Villa,Leeds United,Player Assists,Daniel James,NA,NA,0.5,4.5,Sportsbet,49,289,15192634,557664549,2661483573
Aston Villa v Leeds United,Aston Villa,Leeds United,Player Assists,Facundo Buonanotte,Chelsea,Aston Villa,0.5,4.5,Sportsbet,49,289,15192634,557664549,2661483588
Aston Villa v Leeds United,Aston Villa,Leeds United,Player Assists,Noah Okafor,NA,NA,0.5,4.33,Sportsbet,49,289,15192634,557664549,2661483580
Aston Villa v Leeds United,Aston Villa,Leeds United,Player Assists,Sean Longstaff,NA,NA,0.5,4.5,Sportsbet,49,289,15192634,557664549,2661483577
Aston Villa v Leeds United,Aston Villa,Leeds United,Player Assists,Wilfried Gnonto,NA,NA,0.5,4.5,Sportsbet,49,289,15192634,557664549,2661483589
Aston Villa v Leeds United,Aston Villa,Leeds United,Player Assists,Ilia Gruev,NA,NA,0.5,5,Sportsbet,49,289,15192634,557664549,2661483585
Aston Villa v Leeds United,Aston Villa,Leeds United,Player Assists,Lukas Nmecha,NA,NA,0.5,5.5,Sportsbet,49,289,15192634,557664549,2661483578
Aston Villa v Leeds United,Aston Villa,Leeds United,Player Assists,Gabriel Gudmundsson,NA,NA,0.5,6.5,Sportsbet,49,289,15192634,557664549,2661483576
Aston Villa v Leeds United,Aston Villa,Leeds United,Player Assists,James Justin,Leicester City,Aston Villa,0.5,6,Sportsbet,49,289,15192634,557664549,2661483571
Aston Villa v Leeds United,Aston Villa,Leeds United,Player Assists,Jayden Bogle,NA,NA,0.5,6.5,Sportsbet,49,289,15192634,557664549,2661483575
Aston Villa v Leeds United,Aston Villa,Leeds United,Player Assists,Joel Piroe,NA,NA,0.5,6,Sportsbet,49,289,15192634,557664549,2661483584
Aston Villa v Leeds United,Aston Villa,Leeds United,Player Assists,Sam Byram,NA,NA,0.5,6,Sportsbet,49,289,15192634,557664549,2661483569
Aston Villa v Leeds United,Aston Villa,Leeds United,Player Assists,Dominic Calvert-Lewin,NA,NA,0.5,7,Sportsbet,49,289,15192634,557664549,2661483570
Aston Villa v Leeds United,Aston Villa,Leeds United,Player Assists,Ao Tanaka,NA,NA,0.5,8,Sportsbet,49,289,15192634,557664549,2661483586
Aston Villa v Leeds United,Aston Villa,Leeds United,Player Assists,Jaka Bijol,NA,NA,0.5,8,Sportsbet,49,289,15192634,557664549,2661483582
Aston Villa v Leeds United,Aston Villa,Leeds United,Player Assists,Sebastiaan Bornauw,NA,NA,0.5,8,Sportsbet,49,289,15192634,557664549,2661483581
Aston Villa v Leeds United,Aston Villa,Leeds United,Player Assists,Ethan Ampadu,NA,NA,0.5,9.5,Sportsbet,49,289,15192634,557664549,2661483574
Aston Villa v Leeds United,Aston Villa,Leeds United,Player Assists,Joe Rodon,NA,NA,0.5,12,Sportsbet,49,289,15192634,557664549,2661483572
Aston Villa v Leeds United,Aston Villa,Leeds United,Player Assists,Pascal Struijk,NA,NA,0.5,12,Sportsbet,49,289,15192634,557664549,2661483579
Brentford v Brighton & Hove Albion,Brentford,Brighton & Hove Albion,Player Assists,Mikkel Damsgaard,Brentford,Brighton & Hove Albion,0.5,2.88,Sportsbet,49,289,15192639,557667563,2661503746
Brentford v Brighton & Hove Albion,Brentford,Brighton & Hove Albion,Player Assists,Jordan Henderson,Brentford,Brighton & Hove Albion,0.5,3.5,Sportsbet,49,289,15192639,557667563,2661503734
Brentford v Brighton & Hove Albion,Brentford,Brighton & Hove Albion,Player Assists,Mathias Jensen,Brentford,Brighton & Hove Albion,0.5,3.75,Sportsbet,49,289,15192639,557667563,2661503739
Brentford v Brighton & Hove Albion,Brentford,Brighton & Hove Albion,Player Assists,Romelle Donovan,Brentford,Brighton & Hove Albion,0.5,3.75,Sportsbet,49,289,15192639,557667563,2661503751
Brentford v Brighton & Hove Albion,Brentford,Brighton & Hove Albion,Player Assists,Dango Ouattara,Brentford,Brighton & Hove Albion,0.5,4.33,Sportsbet,49,289,15192639,557667563,2661503748
Brentford v Brighton & Hove Albion,Brentford,Brighton & Hove Albion,Player Assists,Igor Thiago,Brentford,Brighton & Hove Albion,0.5,4.5,Sportsbet,49,289,15192639,557667563,2661503749
Brentford v Brighton & Hove Albion,Brentford,Brighton & Hove Albion,Player Assists,Kaye Furo,Brentford,Brighton & Hove Albion,0.5,4.2,Sportsbet,49,289,15192639,557667563,2661503752
Brentford v Brighton & Hove Albion,Brentford,Brighton & Hove Albion,Player Assists,Keane Lewis-Potter,Brentford,Brighton & Hove Albion,0.5,4.2,Sportsbet,49,289,15192639,557667563,2661503744
Brentford v Brighton & Hove Albion,Brentford,Brighton & Hove Albion,Player Assists,Kevin Schade,Brentford,Brighton & Hove Albion,0.5,4.33,Sportsbet,49,289,15192639,557667563,2661503747
Brentford v Brighton & Hove Albion,Brentford,Brighton & Hove Albion,Player Assists,Michael Kayode,Brentford,Brighton & Hove Albion,0.5,4.5,Sportsbet,49,289,15192639,557667563,2661503750
Brentford v Brighton & Hove Albion,Brentford,Brighton & Hove Albion,Player Assists,Vitaly Janelt,Brentford,Brighton & Hove Albion,0.5,4,Sportsbet,49,289,15192639,557667563,2661503738
Brentford v Brighton & Hove Albion,Brentford,Brighton & Hove Albion,Player Assists,Aaron Hickey,Brentford,Brighton & Hove Albion,0.5,5.5,Sportsbet,49,289,15192639,557667563,2661503743
Brentford v Brighton & Hove Albion,Brentford,Brighton & Hove Albion,Player Assists,Kristoffer Ajer,Brentford,Brighton & Hove Albion,0.5,5.5,Sportsbet,49,289,15192639,557667563,2661503736
Brentford v Brighton & Hove Albion,Brentford,Brighton & Hove Albion,Player Assists,Reiss Nelson,Brentford,Brighton & Hove Albion,0.5,5,Sportsbet,49,289,15192639,557667563,2661503740
Brentford v Brighton & Hove Albion,Brentford,Brighton & Hove Albion,Player Assists,Yegor Yarmolyuk,Brentford,Brighton & Hove Albion,0.5,5,Sportsbet,49,289,15192639,557667563,2661503745
Brentford v Brighton & Hove Albion,Brentford,Brighton & Hove Albion,Player Assists,Rico Henry,Brentford,Brighton & Hove Albion,0.5,6,Sportsbet,49,289,15192639,557667563,2661503735
Brentford v Brighton & Hove Albion,Brentford,Brighton & Hove Albion,Player Assists,Nathan Collins,Brentford,Brighton & Hove Albion,0.5,8.5,Sportsbet,49,289,15192639,557667563,2661503742
Brentford v Brighton & Hove Albion,Brentford,Brighton & Hove Albion,Player Assists,Sepp van den Berg,Brentford,Brighton & Hove Albion,0.5,8.5,Sportsbet,49,289,15192639,557667563,2661503741
Brentford v Brighton & Hove Albion,Brentford,Brighton & Hove Albion,Player Assists,Ethan Pinnock,Brentford,Brighton & Hove Albion,0.5,9,Sportsbet,49,289,15192639,557667563,2661503737
Brentford v Brighton & Hove Albion,Brentford,Brighton & Hove Albion,Player Assists,Jack Hinshelwood,Brighton & Hove Albion,Brentford,0.5,3.75,Sportsbet,49,289,15192639,557667563,2661503769
Brentford v Brighton & Hove Albion,Brentford,Brighton & Hove Albion,Player Assists,Mats Wieffer,Brighton & Hove Albion,Brentford,0.5,3.4,Sportsbet,49,289,15192639,557667563,2661503764
Brentford v Brighton & Hove Albion,Brentford,Brighton & Hove Albion,Player Assists,Pascal Gross,NA,NA,0.5,3.6,Sportsbet,49,289,15192639,557667563,2661503753
Brentford v Brighton & Hove Albion,Brentford,Brighton & Hove Albion,Player Assists,Yankuba Minteh,Brighton & Hove Albion,Brentford,0.5,3.3,Sportsbet,49,289,15192639,557667563,2661503771
Brentford v Brighton & Hove Albion,Brentford,Brighton & Hove Albion,Player Assists,Charalampos Kostoulas,Brighton & Hove Albion,Brentford,0.5,4.5,Sportsbet,49,289,15192639,557667563,2661503773
Brentford v Brighton & Hove Albion,Brentford,Brighton & Hove Albion,Player Assists,Georginio Rutter,Brighton & Hove Albion,Brentford,0.5,4.33,Sportsbet,49,289,15192639,557667563,2661503762
Brentford v Brighton & Hove Albion,Brentford,Brighton & Hove Albion,Player Assists,Harry Howell,Brighton & Hove Albion,Brentford,0.5,4.2,Sportsbet,49,289,15192639,557667563,2661503772
Brentford v Brighton & Hove Albion,Brentford,Brighton & Hove Albion,Player Assists,Kaoru Mitoma,Brighton & Hove Albion,Brentford,0.5,4.33,Sportsbet,49,289,15192639,557667563,2661503766
Brentford v Brighton & Hove Albion,Brentford,Brighton & Hove Albion,Player Assists,Danny Welbeck,Brighton & Hove Albion,Brentford,0.5,5,Sportsbet,49,289,15192639,557667563,2661503756
Brentford v Brighton & Hove Albion,Brentford,Brighton & Hove Albion,Player Assists,Diego Gomez,NA,NA,0.5,5.5,Sportsbet,49,289,15192639,557667563,2661503768
Brentford v Brighton & Hove Albion,Brentford,Brighton & Hove Albion,Player Assists,Matt O'Riley,Brighton & Hove Albion,Brentford,0.5,5,Sportsbet,49,289,15192639,557667563,2661503761
Brentford v Brighton & Hove Albion,Brentford,Brighton & Hove Albion,Player Assists,Yasin Ayari,Brighton & Hove Albion,Brentford,0.5,5.5,Sportsbet,49,289,15192639,557667563,2661503767
Brentford v Brighton & Hove Albion,Brentford,Brighton & Hove Albion,Player Assists,Ferdi Kadioglu,NA,NA,0.5,6,Sportsbet,49,289,15192639,557667563,2661503759
Brentford v Brighton & Hove Albion,Brentford,Brighton & Hove Albion,Player Assists,Jo<c3><ab>l Veltman,NA,NA,0.5,6.5,Sportsbet,49,289,15192639,557667563,2661503757
Brentford v Brighton & Hove Albion,Brentford,Brighton & Hove Albion,Player Assists,Maxim De Cuyper,Brighton & Hove Albion,Brentford,0.5,6,Sportsbet,49,289,15192639,557667563,2661503765
Brentford v Brighton & Hove Albion,Brentford,Brighton & Hove Albion,Player Assists,Olivier Boscagli,Brighton & Hove Albion,Brentford,0.5,6.5,Sportsbet,49,289,15192639,557667563,2661503758
Brentford v Brighton & Hove Albion,Brentford,Brighton & Hove Albion,Player Assists,James Milner,Brighton & Hove Albion,Brentford,0.5,7,Sportsbet,49,289,15192639,557667563,2661503754
Brentford v Brighton & Hove Albion,Brentford,Brighton & Hove Albion,Player Assists,Jan Paul van Hecke,Brighton & Hove Albion,Brentford,0.5,10,Sportsbet,49,289,15192639,557667563,2661503763
Brentford v Brighton & Hove Albion,Brentford,Brighton & Hove Albion,Player Assists,Carlos Baleba,Brighton & Hove Albion,Brentford,0.5,11,Sportsbet,49,289,15192639,557667563,2661503770
Brentford v Brighton & Hove Albion,Brentford,Brighton & Hove Albion,Player Assists,Lewis Dunk,Brighton & Hove Albion,Brentford,0.5,12,Sportsbet,49,289,15192639,557667563,2661503755
Brentford v Brighton & Hove Albion,Brentford,Brighton & Hove Albion,Player Assists,Igor,NA,NA,0.5,17,Sportsbet,49,289,15192639,557667563,2661503760
Chelsea v Burnley,Chelsea,Burnley,Player Assists,Alejandro Garnacho,Chelsea,Burnley,0.5,2.25,Sportsbet,49,289,15192644,557670012,2661515980
Chelsea v Burnley,Chelsea,Burnley,Player Assists,Cole Palmer,Chelsea,Burnley,0.5,2.5,Sportsbet,49,289,15192644,557670012,2661515973
Chelsea v Burnley,Chelsea,Burnley,Player Assists,Enzo Fern<c3><a1>ndez,NA,NA,0.5,2.8,Sportsbet,49,289,15192644,557670012,2661515978
Chelsea v Burnley,Chelsea,Burnley,Player Assists,Estevao,NA,NA,0.5,2.1,Sportsbet,49,289,15192644,557670012,2661515985
Chelsea v Burnley,Chelsea,Burnley,Player Assists,Marc Guiu,Chelsea,Burnley,0.5,2.88,Sportsbet,49,289,15192644,557670012,2661515983
Chelsea v Burnley,Chelsea,Burnley,Player Assists,Pedro Neto,Chelsea,Burnley,0.5,2.88,Sportsbet,49,289,15192644,557670012,2661515968
Chelsea v Burnley,Chelsea,Burnley,Player Assists,Reece James,Chelsea,Burnley,0.5,2.25,Sportsbet,49,289,15192644,557670012,2661515967
Chelsea v Burnley,Chelsea,Burnley,Player Assists,Andrey Santos,Chelsea,Burnley,0.5,3.4,Sportsbet,49,289,15192644,557670012,2661515979
Chelsea v Burnley,Chelsea,Burnley,Player Assists,Jo<c3><a3>o Pedro,NA,NA,0.5,3.3,Sportsbet,49,289,15192644,557670012,2661515972
Chelsea v Burnley,Chelsea,Burnley,Player Assists,Liam Delap,Chelsea,Burnley,0.5,3.3,Sportsbet,49,289,15192644,557670012,2661515974
Chelsea v Burnley,Chelsea,Burnley,Player Assists,Malo Gusto,Chelsea,Burnley,0.5,3.75,Sportsbet,49,289,15192644,557670012,2661515977
Chelsea v Burnley,Chelsea,Burnley,Player Assists,Rom<c3><a9>o Lavia,NA,NA,0.5,3.6,Sportsbet,49,289,15192644,557670012,2661515975
Chelsea v Burnley,Chelsea,Burnley,Player Assists,Jorrel Hato,Chelsea,Burnley,0.5,4.2,Sportsbet,49,289,15192644,557670012,2661515981
Chelsea v Burnley,Chelsea,Burnley,Player Assists,Marc Cucurella,Chelsea,Burnley,0.5,4.33,Sportsbet,49,289,15192644,557670012,2661515969
Chelsea v Burnley,Chelsea,Burnley,Player Assists,Mois<c3><a9>s Caicedo,NA,NA,0.5,4.5,Sportsbet,49,289,15192644,557670012,2661515976
Chelsea v Burnley,Chelsea,Burnley,Player Assists,Beno<c3><ae>t Badiashile,NA,NA,0.5,5.5,Sportsbet,49,289,15192644,557670012,2661515971
Chelsea v Burnley,Chelsea,Burnley,Player Assists,Josh Acheampong,Chelsea,Burnley,0.5,5,Sportsbet,49,289,15192644,557670012,2661515984
Chelsea v Burnley,Chelsea,Burnley,Player Assists,Mamadou Sarr,NA,NA,0.5,6,Sportsbet,49,289,15192644,557670012,2661515982
Chelsea v Burnley,Chelsea,Burnley,Player Assists,Tosin Adarabioyo,Chelsea,Burnley,0.5,6,Sportsbet,49,289,15192644,557670012,2661515965
Chelsea v Burnley,Chelsea,Burnley,Player Assists,Trevoh Chalobah,Chelsea,Burnley,0.5,6,Sportsbet,49,289,15192644,557670012,2661515966
Chelsea v Burnley,Chelsea,Burnley,Player Assists,Wesley Fofana,Chelsea,Burnley,0.5,6,Sportsbet,49,289,15192644,557670012,2661515970
Chelsea v Burnley,Chelsea,Burnley,Player Assists,Hannibal Mejbri,NA,NA,0.5,5.5,Sportsbet,49,289,15192644,557670012,2661515998
Chelsea v Burnley,Chelsea,Burnley,Player Assists,Jaidon Anthony,NA,NA,0.5,5.5,Sportsbet,49,289,15192644,557670012,2661515999
Chelsea v Burnley,Chelsea,Burnley,Player Assists,Kyle Walker,NA,NA,0.5,6.5,Sportsbet,49,289,15192644,557670012,2661515986
Chelsea v Burnley,Chelsea,Burnley,Player Assists,Lyle Foster,NA,NA,0.5,6.5,Sportsbet,49,289,15192644,557670012,2661515995
Chelsea v Burnley,Chelsea,Burnley,Player Assists,Marcus Edwards,NA,NA,0.5,6.5,Sportsbet,49,289,15192644,557670012,2661515991
Chelsea v Burnley,Chelsea,Burnley,Player Assists,Quilindschy Hartman,NA,NA,0.5,6,Sportsbet,49,289,15192644,557670012,2661516005
Chelsea v Burnley,Chelsea,Burnley,Player Assists,Zian Flemming,NA,NA,0.5,6.5,Sportsbet,49,289,15192644,557670012,2661515993
Chelsea v Burnley,Chelsea,Burnley,Player Assists,Ashley Barnes,NA,NA,0.5,7.5,Sportsbet,49,289,15192644,557670012,2661515987
Chelsea v Burnley,Chelsea,Burnley,Player Assists,Florentino,NA,NA,0.5,7,Sportsbet,49,289,15192644,557670012,2661515994
Chelsea v Burnley,Chelsea,Burnley,Player Assists,Jacob Bruun Larsen,NA,NA,0.5,7,Sportsbet,49,289,15192644,557670012,2661515992
Chelsea v Burnley,Chelsea,Burnley,Player Assists,James Ward-Prowse,West Ham United,Chelsea,0.5,7.5,Sportsbet,49,289,15192644,557670012,2661515988
Chelsea v Burnley,Chelsea,Burnley,Player Assists,Loum Tchaouna,NA,NA,0.5,7,Sportsbet,49,289,15192644,557670012,2661516004
Chelsea v Burnley,Chelsea,Burnley,Player Assists,Lucas Pires,NA,NA,0.5,7,Sportsbet,49,289,15192644,557670012,2661516002
Chelsea v Burnley,Chelsea,Burnley,Player Assists,Armando Broja,NA,NA,0.5,8,Sportsbet,49,289,15192644,557670012,2661515997
Chelsea v Burnley,Chelsea,Burnley,Player Assists,Bashir Humphreys,NA,NA,0.5,8,Sportsbet,49,289,15192644,557670012,2661516003
Chelsea v Burnley,Chelsea,Burnley,Player Assists,Enock Agyei,NA,NA,0.5,8,Sportsbet,49,289,15192644,557670012,2661516006
Chelsea v Burnley,Chelsea,Burnley,Player Assists,Lesley Ugochukwu,NA,NA,0.5,12,Sportsbet,49,289,15192644,557670012,2661516000
Chelsea v Burnley,Chelsea,Burnley,Player Assists,Joe Worrall,NA,NA,0.5,14,Sportsbet,49,289,15192644,557670012,2661515990
Chelsea v Burnley,Chelsea,Burnley,Player Assists,Josh Laurent,NA,NA,0.5,14,Sportsbet,49,289,15192644,557670012,2661515989
Chelsea v Burnley,Chelsea,Burnley,Player Assists,Maxime Esteve,NA,NA,0.5,14,Sportsbet,49,289,15192644,557670012,2661516001
Chelsea v Burnley,Chelsea,Burnley,Player Assists,Hjalmar Ekdal,NA,NA,0.5,21,Sportsbet,49,289,15192644,557670012,2661515996
West Ham United v Bournemouth,West Ham United,Bournemouth,Player Assists,Adama Traor<c3><a9>,NA,NA,0.5,2.63,Sportsbet,49,289,15192643,557674959,2661535912
West Ham United v Bournemouth,West Ham United,Bournemouth,Player Assists,Jarrod Bowen,West Ham United,Bournemouth,0.5,2.63,Sportsbet,49,289,15192643,557674959,2661535913
West Ham United v Bournemouth,West Ham United,Bournemouth,Player Assists,El Hadji Malick Diouf,West Ham United,Bournemouth,0.5,3.3,Sportsbet,49,289,15192643,557674959,2661535928
West Ham United v Bournemouth,West Ham United,Bournemouth,Player Assists,Mateus Fernandes,West Ham United,Bournemouth,0.5,3.3,Sportsbet,49,289,15192643,557674959,2661535925
West Ham United v Bournemouth,West Ham United,Bournemouth,Player Assists,Mateus Fernandes,Southampton,West Ham United,0.5,3.3,Sportsbet,49,289,15192643,557674959,2661535925
West Ham United v Bournemouth,West Ham United,Bournemouth,Player Assists,Pablo,West Ham United,Bournemouth,0.5,3.6,Sportsbet,49,289,15192643,557674959,2661535923
West Ham United v Bournemouth,West Ham United,Bournemouth,Player Assists,Valentin Castellanos,NA,NA,0.5,3.75,Sportsbet,49,289,15192643,557674959,2661535920
West Ham United v Bournemouth,West Ham United,Bournemouth,Player Assists,Crysencio Summerville,West Ham United,Bournemouth,0.5,4.2,Sportsbet,49,289,15192643,557674959,2661535922
West Ham United v Bournemouth,West Ham United,Bournemouth,Player Assists,Kyle Walker-Peters,West Ham United,Bournemouth,0.5,4.33,Sportsbet,49,289,15192643,557674959,2661535915
West Ham United v Bournemouth,West Ham United,Bournemouth,Player Assists,Ollie Scarles,NA,NA,0.5,4.33,Sportsbet,49,289,15192643,557674959,2661535926
West Ham United v Bournemouth,West Ham United,Bournemouth,Player Assists,Aaron Wan-Bissaka,West Ham United,Bournemouth,0.5,5.5,Sportsbet,49,289,15192643,557674959,2661535919
West Ham United v Bournemouth,West Ham United,Bournemouth,Player Assists,Lewis Orford,West Ham United,Bournemouth,0.5,5,Sportsbet,49,289,15192643,557674959,2661535927
West Ham United v Bournemouth,West Ham United,Bournemouth,Player Assists,Mohamadou Kante,NA,NA,0.5,5,Sportsbet,49,289,15192643,557674959,2661535929
West Ham United v Bournemouth,West Ham United,Bournemouth,Player Assists,Tomas Soucek,NA,NA,0.5,5.5,Sportsbet,49,289,15192643,557674959,2661535918
West Ham United v Bournemouth,West Ham United,Bournemouth,Player Assists,Callum Wilson,West Ham United,Bournemouth,0.5,6,Sportsbet,49,289,15192643,557674959,2661535911
West Ham United v Bournemouth,West Ham United,Bournemouth,Player Assists,Soungoutou Magassa,West Ham United,Bournemouth,0.5,6,Sportsbet,49,289,15192643,557674959,2661535924
West Ham United v Bournemouth,West Ham United,Bournemouth,Player Assists,Axel Disasi,Chelsea,West Ham United,0.5,7,Sportsbet,49,289,15192643,557674959,2661535916
West Ham United v Bournemouth,West Ham United,Bournemouth,Player Assists,Jean-Clair Todibo,West Ham United,Bournemouth,0.5,8.5,Sportsbet,49,289,15192643,557674959,2661535921
West Ham United v Bournemouth,West Ham United,Bournemouth,Player Assists,Ezra Mayers,West Ham United,Bournemouth,0.5,9,Sportsbet,49,289,15192643,557674959,2661535930
West Ham United v Bournemouth,West Ham United,Bournemouth,Player Assists,Max Kilman,NA,NA,0.5,11,Sportsbet,49,289,15192643,557674959,2661535914
West Ham United v Bournemouth,West Ham United,Bournemouth,Player Assists,Konstantinos Mavropanos,West Ham United,Bournemouth,0.5,12,Sportsbet,49,289,15192643,557674959,2661535917
West Ham United v Bournemouth,West Ham United,Bournemouth,Player Assists,Amine Adli,Bournemouth,West Ham United,0.5,3.75,Sportsbet,49,289,15192643,557674959,2661535942
West Ham United v Bournemouth,West Ham United,Bournemouth,Player Assists,Enes Unal,NA,NA,0.5,3.75,Sportsbet,49,289,15192643,557674959,2661535933
West Ham United v Bournemouth,West Ham United,Bournemouth,Player Assists,James Hill,Bournemouth,West Ham United,0.5,3.75,Sportsbet,49,289,15192643,557674959,2661535939
West Ham United v Bournemouth,West Ham United,Bournemouth,Player Assists,Marcus Tavernier,Bournemouth,West Ham United,0.5,3.1,Sportsbet,49,289,15192643,557674959,2661535937
West Ham United v Bournemouth,West Ham United,Bournemouth,Player Assists,Remy Rees-Dottin,Bournemouth,West Ham United,0.5,3.4,Sportsbet,49,289,15192643,557674959,2661535949
West Ham United v Bournemouth,West Ham United,Bournemouth,Player Assists,Adrien Truffert,Bournemouth,West Ham United,0.5,4.5,Sportsbet,49,289,15192643,557674959,2661535943
West Ham United v Bournemouth,West Ham United,Bournemouth,Player Assists,Alex Scott,Bournemouth,West Ham United,0.5,4.5,Sportsbet,49,289,15192643,557674959,2661535944
West Ham United v Bournemouth,West Ham United,Bournemouth,Player Assists,Alex Toth,NA,NA,0.5,4.33,Sportsbet,49,289,15192643,557674959,2661535946
West Ham United v Bournemouth,West Ham United,Bournemouth,Player Assists,David Brooks,Bournemouth,West Ham United,0.5,4.2,Sportsbet,49,289,15192643,557674959,2661535936
West Ham United v Bournemouth,West Ham United,Bournemouth,Player Assists,Junior Kroupi,NA,NA,0.5,4.5,Sportsbet,49,289,15192643,557674959,2661535947
West Ham United v Bournemouth,West Ham United,Bournemouth,Player Assists,Lewis Cook,Bournemouth,West Ham United,0.5,4.2,Sportsbet,49,289,15192643,557674959,2661535934
West Ham United v Bournemouth,West Ham United,Bournemouth,Player Assists,Marcos Senesi,Bournemouth,West Ham United,0.5,4.5,Sportsbet,49,289,15192643,557674959,2661535941
West Ham United v Bournemouth,West Ham United,Bournemouth,Player Assists,Rayan,NA,NA,0.5,4.33,Sportsbet,49,289,15192643,557674959,2661535945
West Ham United v Bournemouth,West Ham United,Bournemouth,Player Assists,Ryan Christie,Bournemouth,West Ham United,0.5,4.5,Sportsbet,49,289,15192643,557674959,2661535932
West Ham United v Bournemouth,West Ham United,Bournemouth,Player Assists,Tyler Adams,Bournemouth,West Ham United,0.5,4.5,Sportsbet,49,289,15192643,557674959,2661535935
West Ham United v Bournemouth,West Ham United,Bournemouth,Player Assists,Alex Jimenez,NA,NA,0.5,5,Sportsbet,49,289,15192643,557674959,2661535948
West Ham United v Bournemouth,West Ham United,Bournemouth,Player Assists,Evanilson,Bournemouth,West Ham United,0.5,6,Sportsbet,49,289,15192643,557674959,2661535938
West Ham United v Bournemouth,West Ham United,Bournemouth,Player Assists,Bafode Diakite,NA,NA,0.5,7.5,Sportsbet,49,289,15192643,557674959,2661535940
West Ham United v Bournemouth,West Ham United,Bournemouth,Player Assists,Veljko Milosavljevic,Bournemouth,West Ham United,0.5,9,Sportsbet,49,289,15192643,557674959,2661535950
West Ham United v Bournemouth,West Ham United,Bournemouth,Player Assists,Adam Smith,Bournemouth,West Ham United,0.5,11,Sportsbet,49,289,15192643,557674959,2661535931
Manchester City v Newcastle United,Manchester City,Newcastle United,Player Assists,J<c3><a9>r<c3><a9>my Doku,NA,NA,0.5,2.4,Sportsbet,49,289,15192642,557691622,2661624160
Manchester City v Newcastle United,Manchester City,Newcastle United,Player Assists,Phil Foden,Manchester City,Newcastle United,0.5,2.4,Sportsbet,49,289,15192642,557691622,2661624154
Manchester City v Newcastle United,Manchester City,Newcastle United,Player Assists,Rayan Cherki,Manchester City,Newcastle United,0.5,2.3,Sportsbet,49,289,15192642,557691622,2661624161
Manchester City v Newcastle United,Manchester City,Newcastle United,Player Assists,Savinho,Manchester City,Newcastle United,0.5,2.8,Sportsbet,49,289,15192642,557691622,2661624164
Manchester City v Newcastle United,Manchester City,Newcastle United,Player Assists,Antoine Semenyo,Manchester City,Newcastle United,0.5,3.4,Sportsbet,49,289,15192642,557691622,2661624158
Manchester City v Newcastle United,Manchester City,Newcastle United,Player Assists,Antoine Semenyo,Bournemouth,Manchester City,0.5,3.4,Sportsbet,49,289,15192642,557691622,2661624158
Manchester City v Newcastle United,Manchester City,Newcastle United,Player Assists,Matheus Nunes,Manchester City,Newcastle United,0.5,3.25,Sportsbet,49,289,15192642,557691622,2661624163
Manchester City v Newcastle United,Manchester City,Newcastle United,Player Assists,Omar Marmoush,Manchester City,Newcastle United,0.5,3.1,Sportsbet,49,289,15192642,557691622,2661624162
Manchester City v Newcastle United,Manchester City,Newcastle United,Player Assists,Rayan A<c3><af>t-Nouri,NA,NA,0.5,3.5,Sportsbet,49,289,15192642,557691622,2661624157
Manchester City v Newcastle United,Manchester City,Newcastle United,Player Assists,Rico Lewis,Manchester City,Newcastle United,0.5,3,Sportsbet,49,289,15192642,557691622,2661624166
Manchester City v Newcastle United,Manchester City,Newcastle United,Player Assists,Tijjani Reijnders,Manchester City,Newcastle United,0.5,3.6,Sportsbet,49,289,15192642,557691622,2661624155
Manchester City v Newcastle United,Manchester City,Newcastle United,Player Assists,Bernardo Silva,Manchester City,Newcastle United,0.5,4.33,Sportsbet,49,289,15192642,557691622,2661624151
Manchester City v Newcastle United,Manchester City,Newcastle United,Player Assists,Erling Haaland,Manchester City,Newcastle United,0.5,4.2,Sportsbet,49,289,15192642,557691622,2661624159
Manchester City v Newcastle United,Manchester City,Newcastle United,Player Assists,Marc Gu<c3><a9>hi,NA,NA,0.5,4.5,Sportsbet,49,289,15192642,557691622,2661624156
Manchester City v Newcastle United,Manchester City,Newcastle United,Player Assists,Nico Gonzalez,NA,NA,0.5,4.33,Sportsbet,49,289,15192642,557691622,2661624165
Manchester City v Newcastle United,Manchester City,Newcastle United,Player Assists,Nico O'Reilly,Manchester City,Newcastle United,0.5,4,Sportsbet,49,289,15192642,557691622,2661624167
Manchester City v Newcastle United,Manchester City,Newcastle United,Player Assists,Rodri,Manchester City,Newcastle United,0.5,4,Sportsbet,49,289,15192642,557691622,2661624152
Manchester City v Newcastle United,Manchester City,Newcastle United,Player Assists,Nathan Ak<c3><a9>,NA,NA,0.5,6,Sportsbet,49,289,15192642,557691622,2661624150
Manchester City v Newcastle United,Manchester City,Newcastle United,Player Assists,Abdukodir Khusanov,Manchester City,Newcastle United,0.5,7,Sportsbet,49,289,15192642,557691622,2661624169
Manchester City v Newcastle United,Manchester City,Newcastle United,Player Assists,John Stones,Manchester City,Newcastle United,0.5,7,Sportsbet,49,289,15192642,557691622,2661624149
Manchester City v Newcastle United,Manchester City,Newcastle United,Player Assists,Max Alleyne,Manchester City,Newcastle United,0.5,7,Sportsbet,49,289,15192642,557691622,2661624168
Manchester City v Newcastle United,Manchester City,Newcastle United,Player Assists,R<c3><ba>ben Dias,NA,NA,0.5,7,Sportsbet,49,289,15192642,557691622,2661624153
Manchester City v Newcastle United,Manchester City,Newcastle United,Player Assists,Anthony Elanga,Newcastle United,Manchester City,0.5,4,Sportsbet,49,289,15192642,557691622,2661624182
Manchester City v Newcastle United,Manchester City,Newcastle United,Player Assists,Anthony Gordon,Newcastle United,Manchester City,0.5,4.5,Sportsbet,49,289,15192642,557691622,2661624179
Manchester City v Newcastle United,Manchester City,Newcastle United,Player Assists,Jacob Murphy,Newcastle United,Manchester City,0.5,4.5,Sportsbet,49,289,15192642,557691622,2661624173
Manchester City v Newcastle United,Manchester City,Newcastle United,Player Assists,Yoane Wissa,Newcastle United,Manchester City,0.5,4.5,Sportsbet,49,289,15192642,557691622,2661624175
Manchester City v Newcastle United,Manchester City,Newcastle United,Player Assists,Kieran Trippier,Newcastle United,Manchester City,0.5,5,Sportsbet,49,289,15192642,557691622,2661624170
Manchester City v Newcastle United,Manchester City,Newcastle United,Player Assists,Lewis Hall,Newcastle United,Manchester City,0.5,5.5,Sportsbet,49,289,15192642,557691622,2661624186
Manchester City v Newcastle United,Manchester City,Newcastle United,Player Assists,Nick Woltemade,Newcastle United,Manchester City,0.5,5,Sportsbet,49,289,15192642,557691622,2661624183
Manchester City v Newcastle United,Manchester City,Newcastle United,Player Assists,Sandro Tonali,Newcastle United,Manchester City,0.5,5.5,Sportsbet,49,289,15192642,557691622,2661624178
Manchester City v Newcastle United,Manchester City,Newcastle United,Player Assists,Sean Neave,Newcastle United,Manchester City,0.5,5.5,Sportsbet,49,289,15192642,557691622,2661624189
Manchester City v Newcastle United,Manchester City,Newcastle United,Player Assists,William Osula,Newcastle United,Manchester City,0.5,5,Sportsbet,49,289,15192642,557691622,2661624185
Manchester City v Newcastle United,Manchester City,Newcastle United,Player Assists,Harvey Barnes,Newcastle United,Manchester City,0.5,6,Sportsbet,49,289,15192642,557691622,2661624176
Manchester City v Newcastle United,Manchester City,Newcastle United,Player Assists,Jacob Ramsey,Newcastle United,Manchester City,0.5,6.5,Sportsbet,49,289,15192642,557691622,2661624180
Manchester City v Newcastle United,Manchester City,Newcastle United,Player Assists,Alex Murphy,Newcastle United,Manchester City,0.5,7.5,Sportsbet,49,289,15192642,557691622,2661624187
Manchester City v Newcastle United,Manchester City,Newcastle United,Player Assists,Joelinton,Newcastle United,Manchester City,0.5,7,Sportsbet,49,289,15192642,557691622,2661624174
Manchester City v Newcastle United,Manchester City,Newcastle United,Player Assists,Leo Shahar,Newcastle United,Manchester City,0.5,7.5,Sportsbet,49,289,15192642,557691622,2661624190
Manchester City v Newcastle United,Manchester City,Newcastle United,Player Assists,Lewis Miley,Newcastle United,Manchester City,0.5,7,Sportsbet,49,289,15192642,557691622,2661624188
Manchester City v Newcastle United,Manchester City,Newcastle United,Player Assists,Dan Burn,Newcastle United,Manchester City,0.5,8.5,Sportsbet,49,289,15192642,557691622,2661624172
Manchester City v Newcastle United,Manchester City,Newcastle United,Player Assists,Emil Krafth,Newcastle United,Manchester City,0.5,8.5,Sportsbet,49,289,15192642,557691622,2661624171
Manchester City v Newcastle United,Manchester City,Newcastle United,Player Assists,Joe Willock,Newcastle United,Manchester City,0.5,8,Sportsbet,49,289,15192642,557691622,2661624177
Manchester City v Newcastle United,Manchester City,Newcastle United,Player Assists,Malick Thiaw,Newcastle United,Manchester City,0.5,12,Sportsbet,49,289,15192642,557691622,2661624184
Manchester City v Newcastle United,Manchester City,Newcastle United,Player Assists,Sven Botman,Newcastle United,Manchester City,0.5,12,Sportsbet,49,289,15192642,557691622,2661624181
Crystal Palace v Wolverhampton Wanderers,Crystal Palace,Wolverhampton Wanderers,Player Assists,Christantus Uche,Crystal Palace,Wolverhampton Wanderers,0.5,2.4,Sportsbet,49,289,15192640,557870630,2662498801
Crystal Palace v Wolverhampton Wanderers,Crystal Palace,Wolverhampton Wanderers,Player Assists,Adam Wharton,Crystal Palace,Wolverhampton Wanderers,0.5,3.3,Sportsbet,49,289,15192640,557870630,2662498797
Crystal Palace v Wolverhampton Wanderers,Crystal Palace,Wolverhampton Wanderers,Player Assists,Brennan Johnson,Tottenham Hotspur,Crystal Palace,0.5,3.3,Sportsbet,49,289,15192640,557870630,2662498790
Crystal Palace v Wolverhampton Wanderers,Crystal Palace,Wolverhampton Wanderers,Player Assists,Brennan Johnson,Crystal Palace,Wolverhampton Wanderers,0.5,3.3,Sportsbet,49,289,15192640,557870630,2662498790
Crystal Palace v Wolverhampton Wanderers,Crystal Palace,Wolverhampton Wanderers,Player Assists,Daniel Mu<c3><b1>oz,NA,NA,0.5,3.6,Sportsbet,49,289,15192640,557870630,2662498791
Crystal Palace v Wolverhampton Wanderers,Crystal Palace,Wolverhampton Wanderers,Player Assists,Evann Guessand,Aston Villa,Crystal Palace,0.5,3.1,Sportsbet,49,289,15192640,557870630,2662498792
Crystal Palace v Wolverhampton Wanderers,Crystal Palace,Wolverhampton Wanderers,Player Assists,Isma<c3><af>la Sarr,NA,NA,0.5,3.1,Sportsbet,49,289,15192640,557870630,2662498784
Crystal Palace v Wolverhampton Wanderers,Crystal Palace,Wolverhampton Wanderers,Player Assists,Joel Drakes-Thomas,NA,NA,0.5,3.5,Sportsbet,49,289,15192640,557870630,2662498803
Crystal Palace v Wolverhampton Wanderers,Crystal Palace,Wolverhampton Wanderers,Player Assists,J<c3><b8>rgen Strand Larsen,NA,NA,0.5,3.75,Sportsbet,49,289,15192640,557870630,2662498787
Crystal Palace v Wolverhampton Wanderers,Crystal Palace,Wolverhampton Wanderers,Player Assists,Justin Devenny,Crystal Palace,Wolverhampton Wanderers,0.5,3.5,Sportsbet,49,289,15192640,557870630,2662498795
Crystal Palace v Wolverhampton Wanderers,Crystal Palace,Wolverhampton Wanderers,Player Assists,Rio Cardines,Crystal Palace,Wolverhampton Wanderers,0.5,3.5,Sportsbet,49,289,15192640,557870630,2662498800
Crystal Palace v Wolverhampton Wanderers,Crystal Palace,Wolverhampton Wanderers,Player Assists,Will Hughes,Crystal Palace,Wolverhampton Wanderers,0.5,3.75,Sportsbet,49,289,15192640,557870630,2662498782
Crystal Palace v Wolverhampton Wanderers,Crystal Palace,Wolverhampton Wanderers,Player Assists,Yeremy Pino,NA,NA,0.5,3.2,Sportsbet,49,289,15192640,557870630,2662498796
Crystal Palace v Wolverhampton Wanderers,Crystal Palace,Wolverhampton Wanderers,Player Assists,Borna Sosa,Crystal Palace,Wolverhampton Wanderers,0.5,4.33,Sportsbet,49,289,15192640,557870630,2662498785
Crystal Palace v Wolverhampton Wanderers,Crystal Palace,Wolverhampton Wanderers,Player Assists,Nathaniel Clyne,Crystal Palace,Wolverhampton Wanderers,0.5,4.2,Sportsbet,49,289,15192640,557870630,2662498781
Crystal Palace v Wolverhampton Wanderers,Crystal Palace,Wolverhampton Wanderers,Player Assists,Tyrick Mitchell,Crystal Palace,Wolverhampton Wanderers,0.5,4,Sportsbet,49,289,15192640,557870630,2662498793
Crystal Palace v Wolverhampton Wanderers,Crystal Palace,Wolverhampton Wanderers,Player Assists,Daichi Kamada,Crystal Palace,Wolverhampton Wanderers,0.5,5.5,Sportsbet,49,289,15192640,557870630,2662498786
Crystal Palace v Wolverhampton Wanderers,Crystal Palace,Wolverhampton Wanderers,Player Assists,Jefferson Lerma,Crystal Palace,Wolverhampton Wanderers,0.5,5,Sportsbet,49,289,15192640,557870630,2662498783
Crystal Palace v Wolverhampton Wanderers,Crystal Palace,Wolverhampton Wanderers,Player Assists,Caleb Kporha,Crystal Palace,Wolverhampton Wanderers,0.5,6,Sportsbet,49,289,15192640,557870630,2662498799
Crystal Palace v Wolverhampton Wanderers,Crystal Palace,Wolverhampton Wanderers,Player Assists,Kaden Rodney,Crystal Palace,Wolverhampton Wanderers,0.5,6,Sportsbet,49,289,15192640,557870630,2662498798
Crystal Palace v Wolverhampton Wanderers,Crystal Palace,Wolverhampton Wanderers,Player Assists,Jaydee Canvot,Crystal Palace,Wolverhampton Wanderers,0.5,7.5,Sportsbet,49,289,15192640,557870630,2662498802
Crystal Palace v Wolverhampton Wanderers,Crystal Palace,Wolverhampton Wanderers,Player Assists,Chadi Riad,Crystal Palace,Wolverhampton Wanderers,0.5,8,Sportsbet,49,289,15192640,557870630,2662498794
Crystal Palace v Wolverhampton Wanderers,Crystal Palace,Wolverhampton Wanderers,Player Assists,Chris Richards,Crystal Palace,Wolverhampton Wanderers,0.5,8,Sportsbet,49,289,15192640,557870630,2662498788
Crystal Palace v Wolverhampton Wanderers,Crystal Palace,Wolverhampton Wanderers,Player Assists,Maxence Lacroix,Crystal Palace,Wolverhampton Wanderers,0.5,8,Sportsbet,49,289,15192640,557870630,2662498789
Crystal Palace v Wolverhampton Wanderers,Crystal Palace,Wolverhampton Wanderers,Player Assists,Hugo Bueno,Wolverhampton Wanderers,Crystal Palace,0.5,4.5,Sportsbet,49,289,15192640,557870630,2662498813
Crystal Palace v Wolverhampton Wanderers,Crystal Palace,Wolverhampton Wanderers,Player Assists,Jean-Ricner Bellegarde,Wolverhampton Wanderers,Crystal Palace,0.5,4.5,Sportsbet,49,289,15192640,557870630,2662498806
Crystal Palace v Wolverhampton Wanderers,Crystal Palace,Wolverhampton Wanderers,Player Assists,Adam Armstrong,Southampton,Crystal Palace,0.5,5.5,Sportsbet,49,289,15192640,557870630,2662498805
Crystal Palace v Wolverhampton Wanderers,Crystal Palace,Wolverhampton Wanderers,Player Assists,Jackson Tchatchoua,Wolverhampton Wanderers,Crystal Palace,0.5,5.5,Sportsbet,49,289,15192640,557870630,2662498815
Crystal Palace v Wolverhampton Wanderers,Crystal Palace,Wolverhampton Wanderers,Player Assists,Rodrigo Gomes,Wolverhampton Wanderers,Crystal Palace,0.5,5.5,Sportsbet,49,289,15192640,557870630,2662498814
Crystal Palace v Wolverhampton Wanderers,Crystal Palace,Wolverhampton Wanderers,Player Assists,Tom Edozie,NA,NA,0.5,5.5,Sportsbet,49,289,15192640,557870630,2662498819
Crystal Palace v Wolverhampton Wanderers,Crystal Palace,Wolverhampton Wanderers,Player Assists,David Moller Wolfe,NA,NA,0.5,6,Sportsbet,49,289,15192640,557870630,2662498816
Crystal Palace v Wolverhampton Wanderers,Crystal Palace,Wolverhampton Wanderers,Player Assists,Mateus Mane,NA,NA,0.5,6,Sportsbet,49,289,15192640,557870630,2662498820
Crystal Palace v Wolverhampton Wanderers,Crystal Palace,Wolverhampton Wanderers,Player Assists,Angel Gomes,NA,NA,0.5,7,Sportsbet,49,289,15192640,557870630,2662498807
Crystal Palace v Wolverhampton Wanderers,Crystal Palace,Wolverhampton Wanderers,Player Assists,Jo<c3><a3>o Gomes,NA,NA,0.5,8.5,Sportsbet,49,289,15192640,557870630,2662498812
Crystal Palace v Wolverhampton Wanderers,Crystal Palace,Wolverhampton Wanderers,Player Assists,Tolu Arokodare,Wolverhampton Wanderers,Crystal Palace,0.5,8,Sportsbet,49,289,15192640,557870630,2662498811
Crystal Palace v Wolverhampton Wanderers,Crystal Palace,Wolverhampton Wanderers,Player Assists,Matt Doherty,Wolverhampton Wanderers,Crystal Palace,0.5,10,Sportsbet,49,289,15192640,557870630,2662498804
Crystal Palace v Wolverhampton Wanderers,Crystal Palace,Wolverhampton Wanderers,Player Assists,Pedro Lima,Wolverhampton Wanderers,Crystal Palace,0.5,10,Sportsbet,49,289,15192640,557870630,2662498821
Crystal Palace v Wolverhampton Wanderers,Crystal Palace,Wolverhampton Wanderers,Player Assists,Andre,NA,NA,0.5,14,Sportsbet,49,289,15192640,557870630,2662498809
Crystal Palace v Wolverhampton Wanderers,Crystal Palace,Wolverhampton Wanderers,Player Assists,Ladislav Krejci,Wolverhampton Wanderers,Crystal Palace,0.5,14,Sportsbet,49,289,15192640,557870630,2662498810
Crystal Palace v Wolverhampton Wanderers,Crystal Palace,Wolverhampton Wanderers,Player Assists,Santiago Bueno,Wolverhampton Wanderers,Crystal Palace,0.5,14,Sportsbet,49,289,15192640,557870630,2662498808
Crystal Palace v Wolverhampton Wanderers,Crystal Palace,Wolverhampton Wanderers,Player Assists,Toti,Wolverhampton Wanderers,Crystal Palace,0.5,14,Sportsbet,49,289,15192640,557870630,2662498818
Crystal Palace v Wolverhampton Wanderers,Crystal Palace,Wolverhampton Wanderers,Player Assists,Yerson Mosquera,Wolverhampton Wanderers,Crystal Palace,0.5,14,Sportsbet,49,289,15192640,557870630,2662498817
Crystal Palace v Wolverhampton Wanderers,Crystal Palace,Wolverhampton Wanderers,Player Assists,Luke Rawlings,Wolverhampton Wanderers,Crystal Palace,0.5,15,Sportsbet,49,289,15192640,557870630,2662498822
Nottingham Forest v Liverpool,Nottingham Forest,Liverpool,Player Assists,Dilane Bakwa,Nottingham Forest,Liverpool,0.5,4.5,Sportsbet,49,289,15192641,557864648,2662463414
Nottingham Forest v Liverpool,Nottingham Forest,Liverpool,Player Assists,Ibrahim Sangar<c3><a9>,NA,NA,0.5,4.33,Sportsbet,49,289,15192641,557864648,2662463399
Nottingham Forest v Liverpool,Nottingham Forest,Liverpool,Player Assists,Morgan Gibbs-White,Nottingham Forest,Liverpool,0.5,4,Sportsbet,49,289,15192641,557864648,2662463402
Nottingham Forest v Liverpool,Nottingham Forest,Liverpool,Player Assists,Callum Hudson-Odoi,Nottingham Forest,Liverpool,0.5,5.5,Sportsbet,49,289,15192641,557864648,2662463405
Nottingham Forest v Liverpool,Nottingham Forest,Liverpool,Player Assists,Dan Ndoye,Nottingham Forest,Liverpool,0.5,5,Sportsbet,49,289,15192641,557864648,2662463413
Nottingham Forest v Liverpool,Nottingham Forest,Liverpool,Player Assists,Elliot Anderson,Nottingham Forest,Liverpool,0.5,5.5,Sportsbet,49,289,15192641,557864648,2662463401
Nottingham Forest v Liverpool,Nottingham Forest,Liverpool,Player Assists,Igor Jesus,Nottingham Forest,Liverpool,0.5,5.5,Sportsbet,49,289,15192641,557864648,2662463411
Nottingham Forest v Liverpool,Nottingham Forest,Liverpool,Player Assists,James McAtee,Nottingham Forest,Liverpool,0.5,5.5,Sportsbet,49,289,15192641,557864648,2662463410
Nottingham Forest v Liverpool,Nottingham Forest,Liverpool,Player Assists,Lorenzo Lucca,Nottingham Forest,Liverpool,0.5,5.5,Sportsbet,49,289,15192641,557864648,2662463406
Nottingham Forest v Liverpool,Nottingham Forest,Liverpool,Player Assists,Luca Netz,NA,NA,0.5,5.5,Sportsbet,49,289,15192641,557864648,2662463412
Nottingham Forest v Liverpool,Nottingham Forest,Liverpool,Player Assists,Omari Hutchinson,Nottingham Forest,Liverpool,0.5,5.5,Sportsbet,49,289,15192641,557864648,2662463415
Nottingham Forest v Liverpool,Nottingham Forest,Liverpool,Player Assists,Nicolo Savona,NA,NA,0.5,6,Sportsbet,49,289,15192641,557864648,2662463419
Nottingham Forest v Liverpool,Nottingham Forest,Liverpool,Player Assists,Neco Williams,Nottingham Forest,Liverpool,0.5,7,Sportsbet,49,289,15192641,557864648,2662463409
Nottingham Forest v Liverpool,Nottingham Forest,Liverpool,Player Assists,Nicol<c3><a1>s Dom<c3><ad>nguez,NA,NA,0.5,7,Sportsbet,49,289,15192641,557864648,2662463408
Nottingham Forest v Liverpool,Nottingham Forest,Liverpool,Player Assists,Ola Aina,Nottingham Forest,Liverpool,0.5,7,Sportsbet,49,289,15192641,557864648,2662463398
Nottingham Forest v Liverpool,Nottingham Forest,Liverpool,Player Assists,Taiwo Awoniyi,Nottingham Forest,Liverpool,0.5,7.5,Sportsbet,49,289,15192641,557864648,2662463404
Nottingham Forest v Liverpool,Nottingham Forest,Liverpool,Player Assists,Zach Abbott,Nottingham Forest,Liverpool,0.5,7,Sportsbet,49,289,15192641,557864648,2662463418
Nottingham Forest v Liverpool,Nottingham Forest,Liverpool,Player Assists,Jair Cunha,Nottingham Forest,Liverpool,0.5,10,Sportsbet,49,289,15192641,557864648,2662463417
Nottingham Forest v Liverpool,Nottingham Forest,Liverpool,Player Assists,Nikola Milenkovi<c4><87>,NA,NA,0.5,10,Sportsbet,49,289,15192641,557864648,2662463400
Nottingham Forest v Liverpool,Nottingham Forest,Liverpool,Player Assists,Morato,Nottingham Forest,Liverpool,0.5,11,Sportsbet,49,289,15192641,557864648,2662463407
Nottingham Forest v Liverpool,Nottingham Forest,Liverpool,Player Assists,Ryan Yates,Nottingham Forest,Liverpool,0.5,11,Sportsbet,49,289,15192641,557864648,2662463403
Nottingham Forest v Liverpool,Nottingham Forest,Liverpool,Player Assists,Murillo,Nottingham Forest,Liverpool,0.5,12,Sportsbet,49,289,15192641,557864648,2662463416
Nottingham Forest v Liverpool,Nottingham Forest,Liverpool,Player Assists,Kieran Morrison,Liverpool,Nottingham Forest,0.5,2.8,Sportsbet,49,289,15192641,557864648,2662463437
Nottingham Forest v Liverpool,Nottingham Forest,Liverpool,Player Assists,Mohamed Salah,Liverpool,Nottingham Forest,0.5,2.88,Sportsbet,49,289,15192641,557864648,2662463421
Nottingham Forest v Liverpool,Nottingham Forest,Liverpool,Player Assists,Cody Gakpo,Liverpool,Nottingham Forest,0.5,3.4,Sportsbet,49,289,15192641,557864648,2662463427
Nottingham Forest v Liverpool,Nottingham Forest,Liverpool,Player Assists,Dominik Szoboszlai,Liverpool,Nottingham Forest,0.5,3.4,Sportsbet,49,289,15192641,557864648,2662463426
Nottingham Forest v Liverpool,Nottingham Forest,Liverpool,Player Assists,Federico Chiesa,Liverpool,Nottingham Forest,0.5,3.2,Sportsbet,49,289,15192641,557864648,2662463424
Nottingham Forest v Liverpool,Nottingham Forest,Liverpool,Player Assists,Florian Wirtz,Liverpool,Nottingham Forest,0.5,3,Sportsbet,49,289,15192641,557864648,2662463433
Nottingham Forest v Liverpool,Nottingham Forest,Liverpool,Player Assists,Hugo Ekitike,NA,NA,0.5,3.5,Sportsbet,49,289,15192641,557864648,2662463434
Nottingham Forest v Liverpool,Nottingham Forest,Liverpool,Player Assists,Jeremie Frimpong,Liverpool,Nottingham Forest,0.5,3.4,Sportsbet,49,289,15192641,557864648,2662463430
Nottingham Forest v Liverpool,Nottingham Forest,Liverpool,Player Assists,Joe Gomez,Liverpool,Nottingham Forest,0.5,3.75,Sportsbet,49,289,15192641,557864648,2662463423
Nottingham Forest v Liverpool,Nottingham Forest,Liverpool,Player Assists,Rio Ngumoha,Liverpool,Nottingham Forest,0.5,3.25,Sportsbet,49,289,15192641,557864648,2662463438
Nottingham Forest v Liverpool,Nottingham Forest,Liverpool,Player Assists,Calvin Ramsay,Liverpool,Nottingham Forest,0.5,4.33,Sportsbet,49,289,15192641,557864648,2662463432
Nottingham Forest v Liverpool,Nottingham Forest,Liverpool,Player Assists,Milos Kerkez,Liverpool,Nottingham Forest,0.5,4.5,Sportsbet,49,289,15192641,557864648,2662463435
Nottingham Forest v Liverpool,Nottingham Forest,Liverpool,Player Assists,Trey Nyoni,Liverpool,Nottingham Forest,0.5,4.5,Sportsbet,49,289,15192641,557864648,2662463436
Nottingham Forest v Liverpool,Nottingham Forest,Liverpool,Player Assists,Alexis Mac Allister,Liverpool,Nottingham Forest,0.5,5,Sportsbet,49,289,15192641,557864648,2662463431
Nottingham Forest v Liverpool,Nottingham Forest,Liverpool,Player Assists,Andrew Robertson,Liverpool,Nottingham Forest,0.5,5,Sportsbet,49,289,15192641,557864648,2662463422
Nottingham Forest v Liverpool,Nottingham Forest,Liverpool,Player Assists,Curtis Jones,Liverpool,Nottingham Forest,0.5,5,Sportsbet,49,289,15192641,557864648,2662463428
Nottingham Forest v Liverpool,Nottingham Forest,Liverpool,Player Assists,Ryan Gravenberch,Liverpool,Nottingham Forest,0.5,6,Sportsbet,49,289,15192641,557864648,2662463429
Nottingham Forest v Liverpool,Nottingham Forest,Liverpool,Player Assists,Ibrahima Konat<c3><a9>,NA,NA,0.5,7.5,Sportsbet,49,289,15192641,557864648,2662463425
Nottingham Forest v Liverpool,Nottingham Forest,Liverpool,Player Assists,Virgil van Dijk,Liverpool,Nottingham Forest,0.5,9.5,Sportsbet,49,289,15192641,557864648,2662463420
Sunderland v  v Fulham,Sunderland v ,Fulham,Player Assists,Chemsdine Talbi,NA,NA,0.5,4.33,Sportsbet,49,289,15192647,557872950,2662512080
Sunderland v  v Fulham,Sunderland v ,Fulham,Player Assists,Chris Rigg,NA,NA,0.5,4.5,Sportsbet,49,289,15192647,557872950,2662512079
Sunderland v  v Fulham,Sunderland v ,Fulham,Player Assists,Eliezer Mayenda,NA,NA,0.5,4.5,Sportsbet,49,289,15192647,557872950,2662512077
Sunderland v  v Fulham,Sunderland v ,Fulham,Player Assists,Enzo Le Fee,NA,NA,0.5,4,Sportsbet,49,289,15192647,557872950,2662512070
Sunderland v  v Fulham,Sunderland v ,Fulham,Player Assists,Nilson Angulo,NA,NA,0.5,4.5,Sportsbet,49,289,15192647,557872950,2662512074
Sunderland v  v Fulham,Sunderland v ,Fulham,Player Assists,Nordi Mukiele,NA,NA,0.5,4,Sportsbet,49,289,15192647,557872950,2662512064
Sunderland v  v Fulham,Sunderland v ,Fulham,Player Assists,Romaine Mundle,NA,NA,0.5,4.33,Sportsbet,49,289,15192647,557872950,2662512075
Sunderland v  v Fulham,Sunderland v ,Fulham,Player Assists,Trai Hume,NA,NA,0.5,4.5,Sportsbet,49,289,15192647,557872950,2662512072
Sunderland v  v Fulham,Sunderland v ,Fulham,Player Assists,Brian Brobbey,NA,NA,0.5,5,Sportsbet,49,289,15192647,557872950,2662512071
Sunderland v  v Fulham,Sunderland v ,Fulham,Player Assists,Dennis Cirkin,NA,NA,0.5,6,Sportsbet,49,289,15192647,557872950,2662512073
Sunderland v  v Fulham,Sunderland v ,Fulham,Player Assists,Noah Sadiki,NA,NA,0.5,6.5,Sportsbet,49,289,15192647,557872950,2662512078
Sunderland v  v Fulham,Sunderland v ,Fulham,Player Assists,Wilson Isidor,NA,NA,0.5,6.5,Sportsbet,49,289,15192647,557872950,2662512067
Sunderland v  v Fulham,Sunderland v ,Fulham,Player Assists,Habib Diarra,NA,NA,0.5,7,Sportsbet,49,289,15192647,557872950,2662512076
Sunderland v  v Fulham,Sunderland v ,Fulham,Player Assists,Lutsharel Geertruida,NA,NA,0.5,7.5,Sportsbet,49,289,15192647,557872950,2662512066
Sunderland v  v Fulham,Sunderland v ,Fulham,Player Assists,Dan Ballard,NA,NA,0.5,10,Sportsbet,49,289,15192647,557872950,2662512069
Sunderland v  v Fulham,Sunderland v ,Fulham,Player Assists,Luke O'Nien,NA,NA,0.5,10,Sportsbet,49,289,15192647,557872950,2662512063
Sunderland v  v Fulham,Sunderland v ,Fulham,Player Assists,Omar Alderete,NA,NA,0.5,10,Sportsbet,49,289,15192647,557872950,2662512068
Sunderland v  v Fulham,Sunderland v ,Fulham,Player Assists,Reinildo Mandava,NA,NA,0.5,11,Sportsbet,49,289,15192647,557872950,2662512065
Sunderland v  v Fulham,Sunderland v ,Fulham,Player Assists,Harry Wilson,Fulham,Sunderland v ,0.5,3.75,Sportsbet,49,289,15192647,557872950,2662512089
Sunderland v  v Fulham,Sunderland v ,Fulham,Player Assists,Alex Iwobi,Fulham,Sunderland v ,0.5,4.5,Sportsbet,49,289,15192647,557872950,2662512086
Sunderland v  v Fulham,Sunderland v ,Fulham,Player Assists,Antonee Robinson,Fulham,Sunderland v ,0.5,4,Sportsbet,49,289,15192647,557872950,2662512092
Sunderland v  v Fulham,Sunderland v ,Fulham,Player Assists,Jonah Kusi-Asare,Fulham,Sunderland v ,0.5,4,Sportsbet,49,289,15192647,557872950,2662512102
Sunderland v  v Fulham,Sunderland v ,Fulham,Player Assists,Kevin,Fulham,Sunderland v ,0.5,4.2,Sportsbet,49,289,15192647,557872950,2662512100
Sunderland v  v Fulham,Sunderland v ,Fulham,Player Assists,Oscar Bobb,Manchester City,Sunderland v ,0.5,4.33,Sportsbet,49,289,15192647,557872950,2662512098
Sunderland v  v Fulham,Sunderland v ,Fulham,Player Assists,Ra<c3><ba>l Jim<c3><a9>nez,NA,NA,0.5,4.5,Sportsbet,49,289,15192647,557872950,2662512082
Sunderland v  v Fulham,Sunderland v ,Fulham,Player Assists,Samuel Chukwueze,Fulham,Sunderland v ,0.5,4.5,Sportsbet,49,289,15192647,557872950,2662512096
Sunderland v  v Fulham,Sunderland v ,Fulham,Player Assists,Emile Smith Rowe,Fulham,Sunderland v ,0.5,5.5,Sportsbet,49,289,15192647,557872950,2662512095
Sunderland v  v Fulham,Sunderland v ,Fulham,Player Assists,Kenny Tete,Fulham,Sunderland v ,0.5,5.5,Sportsbet,49,289,15192647,557872950,2662512083
Sunderland v  v Fulham,Sunderland v ,Fulham,Player Assists,Ryan Sessegnon,Fulham,Sunderland v ,0.5,5.5,Sportsbet,49,289,15192647,557872950,2662512091
Sunderland v  v Fulham,Sunderland v ,Fulham,Player Assists,Tom Cairney,Fulham,Sunderland v ,0.5,5,Sportsbet,49,289,15192647,557872950,2662512081
Sunderland v  v Fulham,Sunderland v ,Fulham,Player Assists,Harrison Reed,Fulham,Sunderland v ,0.5,6.5,Sportsbet,49,289,15192647,557872950,2662512084
Sunderland v  v Fulham,Sunderland v ,Fulham,Player Assists,Joshua King,NA,NA,0.5,6,Sportsbet,49,289,15192647,557872950,2662512103
Sunderland v  v Fulham,Sunderland v ,Fulham,Player Assists,Timothy Castagne,Fulham,Sunderland v ,0.5,6.5,Sportsbet,49,289,15192647,557872950,2662512085
Sunderland v  v Fulham,Sunderland v ,Fulham,Player Assists,Rodrigo Muniz,Fulham,Sunderland v ,0.5,7,Sportsbet,49,289,15192647,557872950,2662512099
Sunderland v  v Fulham,Sunderland v ,Fulham,Player Assists,Sa<c5><a1>a Luki<c4><87>,NA,NA,0.5,7,Sportsbet,49,289,15192647,557872950,2662512088
Sunderland v  v Fulham,Sunderland v ,Fulham,Player Assists,Calvin Bassey,Fulham,Sunderland v ,0.5,10,Sportsbet,49,289,15192647,557872950,2662512097
Sunderland v  v Fulham,Sunderland v ,Fulham,Player Assists,Joachim Andersen,Fulham,Sunderland v ,0.5,10,Sportsbet,49,289,15192647,557872950,2662512087
Sunderland v  v Fulham,Sunderland v ,Fulham,Player Assists,Jorge Cuenca,Fulham,Sunderland v ,0.5,10,Sportsbet,49,289,15192647,557872950,2662512094
Sunderland v  v Fulham,Sunderland v ,Fulham,Player Assists,Issa Diop,Fulham,Sunderland v ,0.5,11,Sportsbet,49,289,15192647,557872950,2662512090
Sunderland v  v Fulham,Sunderland v ,Fulham,Player Assists,Sander Berge,Fulham,Sunderland v ,0.5,11,Sportsbet,49,289,15192647,557872950,2662512093
Sunderland v  v Fulham,Sunderland v ,Fulham,Player Assists,Samuel Amissah,NA,NA,0.5,21,Sportsbet,49,289,15192647,557872950,2662512101
Tottenham Hotspur v Arsenal,Tottenham Hotspur,Arsenal,Player Assists,Pedro Porro,Tottenham Hotspur,Arsenal,0.5,4.5,Sportsbet,49,289,15192631,557745232,2661902660
Tottenham Hotspur v Arsenal,Tottenham Hotspur,Arsenal,Player Assists,Xavi Simons,Tottenham Hotspur,Arsenal,0.5,4.5,Sportsbet,49,289,15192631,557745232,2661902663
Tottenham Hotspur v Arsenal,Tottenham Hotspur,Arsenal,Player Assists,Joao Palhinha,NA,NA,0.5,5.5,Sportsbet,49,289,15192631,557745232,2661902656
Tottenham Hotspur v Arsenal,Tottenham Hotspur,Arsenal,Player Assists,Mathys Tel,Tottenham Hotspur,Arsenal,0.5,5.5,Sportsbet,49,289,15192631,557745232,2661902667
Tottenham Hotspur v Arsenal,Tottenham Hotspur,Arsenal,Player Assists,Dominic Solanke,Tottenham Hotspur,Arsenal,0.5,6.5,Sportsbet,49,289,15192631,557745232,2661902655
Tottenham Hotspur v Arsenal,Tottenham Hotspur,Arsenal,Player Assists,Randal Kolo Muani,Tottenham Hotspur,Arsenal,0.5,6,Sportsbet,49,289,15192631,557745232,2661902658
Tottenham Hotspur v Arsenal,Tottenham Hotspur,Arsenal,Player Assists,Callum Olusesi,Tottenham Hotspur,Arsenal,0.5,7,Sportsbet,49,289,15192631,557745232,2661902671
Tottenham Hotspur v Arsenal,Tottenham Hotspur,Arsenal,Player Assists,Conor Gallagher,Tottenham Hotspur,Arsenal,0.5,7.5,Sportsbet,49,289,15192631,557745232,2661902662
Tottenham Hotspur v Arsenal,Tottenham Hotspur,Arsenal,Player Assists,Luca Williams-Barnett,NA,NA,0.5,7,Sportsbet,49,289,15192631,557745232,2661902672
Tottenham Hotspur v Arsenal,Tottenham Hotspur,Arsenal,Player Assists,Souza,Tottenham Hotspur,Arsenal,0.5,7,Sportsbet,49,289,15192631,557745232,2661902670
Tottenham Hotspur v Arsenal,Tottenham Hotspur,Arsenal,Player Assists,Richarlison,Tottenham Hotspur,Arsenal,0.5,8.5,Sportsbet,49,289,15192631,557745232,2661902659
Tottenham Hotspur v Arsenal,Tottenham Hotspur,Arsenal,Player Assists,Djed Spence,Tottenham Hotspur,Arsenal,0.5,9,Sportsbet,49,289,15192631,557745232,2661902661
Tottenham Hotspur v Arsenal,Tottenham Hotspur,Arsenal,Player Assists,Pape Matar Sarr,Tottenham Hotspur,Arsenal,0.5,9,Sportsbet,49,289,15192631,557745232,2661902664
Tottenham Hotspur v Arsenal,Tottenham Hotspur,Arsenal,Player Assists,Micky van de Ven,Tottenham Hotspur,Arsenal,0.5,11,Sportsbet,49,289,15192631,557745232,2661902666
Tottenham Hotspur v Arsenal,Tottenham Hotspur,Arsenal,Player Assists,Rio Kyerematen,Tottenham Hotspur,Arsenal,0.5,11,Sportsbet,49,289,15192631,557745232,2661902669
Tottenham Hotspur v Arsenal,Tottenham Hotspur,Arsenal,Player Assists,Archie Gray,Tottenham Hotspur,Arsenal,0.5,12,Sportsbet,49,289,15192631,557745232,2661902668
Tottenham Hotspur v Arsenal,Tottenham Hotspur,Arsenal,Player Assists,Radu Dr<c4><83>gu<c8><99>in,NA,NA,0.5,14,Sportsbet,49,289,15192631,557745232,2661902665
Tottenham Hotspur v Arsenal,Tottenham Hotspur,Arsenal,Player Assists,Yves Bissouma,Tottenham Hotspur,Arsenal,0.5,15,Sportsbet,49,289,15192631,557745232,2661902657
Tottenham Hotspur v Arsenal,Tottenham Hotspur,Arsenal,Player Assists,Jun'ai Byfield,Tottenham Hotspur,Arsenal,0.5,17,Sportsbet,49,289,15192631,557745232,2661902673
Tottenham Hotspur v Arsenal,Tottenham Hotspur,Arsenal,Player Assists,Bukayo Saka,Arsenal,Tottenham Hotspur,0.5,2.6,Sportsbet,49,289,15192631,557745232,2661902685
Tottenham Hotspur v Arsenal,Tottenham Hotspur,Arsenal,Player Assists,Eberechi Eze,Arsenal,Tottenham Hotspur,0.5,2.88,Sportsbet,49,289,15192631,557745232,2661902681
Tottenham Hotspur v Arsenal,Tottenham Hotspur,Arsenal,Player Assists,Eberechi Eze,Crystal Palace,Tottenham Hotspur,0.5,2.88,Sportsbet,49,289,15192631,557745232,2661902681
Tottenham Hotspur v Arsenal,Tottenham Hotspur,Arsenal,Player Assists,Leandro Trossard,Arsenal,Tottenham Hotspur,0.5,2.63,Sportsbet,49,289,15192631,557745232,2661902675
Tottenham Hotspur v Arsenal,Tottenham Hotspur,Arsenal,Player Assists,Noni Madueke,Arsenal,Tottenham Hotspur,0.5,2.7,Sportsbet,49,289,15192631,557745232,2661902690
Tottenham Hotspur v Arsenal,Tottenham Hotspur,Arsenal,Player Assists,Declan Rice,Arsenal,Tottenham Hotspur,0.5,3.4,Sportsbet,49,289,15192631,557745232,2661902679
Tottenham Hotspur v Arsenal,Tottenham Hotspur,Arsenal,Player Assists,Gabriel Jesus,Arsenal,Tottenham Hotspur,0.5,3.4,Sportsbet,49,289,15192631,557745232,2661902677
Tottenham Hotspur v Arsenal,Tottenham Hotspur,Arsenal,Player Assists,Gabriel Martinelli,Arsenal,Tottenham Hotspur,0.5,3.5,Sportsbet,49,289,15192631,557745232,2661902688
Tottenham Hotspur v Arsenal,Tottenham Hotspur,Arsenal,Player Assists,Kai Havertz,Arsenal,Tottenham Hotspur,0.5,3.75,Sportsbet,49,289,15192631,557745232,2661902680
Tottenham Hotspur v Arsenal,Tottenham Hotspur,Arsenal,Player Assists,Martin <c3><98>degaard,NA,NA,0.5,3.1,Sportsbet,49,289,15192631,557745232,2661902676
Tottenham Hotspur v Arsenal,Tottenham Hotspur,Arsenal,Player Assists,Max Dowman,Arsenal,Tottenham Hotspur,0.5,3.1,Sportsbet,49,289,15192631,557745232,2661902694
Tottenham Hotspur v Arsenal,Tottenham Hotspur,Arsenal,Player Assists,Ben White,Arsenal,Tottenham Hotspur,0.5,4.5,Sportsbet,49,289,15192631,557745232,2661902678
Tottenham Hotspur v Arsenal,Tottenham Hotspur,Arsenal,Player Assists,Martin Zubimendi,NA,NA,0.5,4.5,Sportsbet,49,289,15192631,557745232,2661902686
Tottenham Hotspur v Arsenal,Tottenham Hotspur,Arsenal,Player Assists,Myles Lewis-Skelly,Arsenal,Tottenham Hotspur,0.5,4.5,Sportsbet,49,289,15192631,557745232,2661902693
Tottenham Hotspur v Arsenal,Tottenham Hotspur,Arsenal,Player Assists,Riccardo Calafiori,Arsenal,Tottenham Hotspur,0.5,4.33,Sportsbet,49,289,15192631,557745232,2661902689
Tottenham Hotspur v Arsenal,Tottenham Hotspur,Arsenal,Player Assists,Viktor Gyokeres,NA,NA,0.5,4.5,Sportsbet,49,289,15192631,557745232,2661902684
Tottenham Hotspur v Arsenal,Tottenham Hotspur,Arsenal,Player Assists,Christian N<c3><b8>rgaard,NA,NA,0.5,5.5,Sportsbet,49,289,15192631,557745232,2661902674
Tottenham Hotspur v Arsenal,Tottenham Hotspur,Arsenal,Player Assists,Jurrien Timber,NA,NA,0.5,6,Sportsbet,49,289,15192631,557745232,2661902687
Tottenham Hotspur v Arsenal,Tottenham Hotspur,Arsenal,Player Assists,Cristhian Mosquera,Arsenal,Tottenham Hotspur,0.5,7.5,Sportsbet,49,289,15192631,557745232,2661902692
Tottenham Hotspur v Arsenal,Tottenham Hotspur,Arsenal,Player Assists,Gabriel Magalh<c3><a3>es,NA,NA,0.5,7,Sportsbet,49,289,15192631,557745232,2661902682
Tottenham Hotspur v Arsenal,Tottenham Hotspur,Arsenal,Player Assists,Piero Hincapie,NA,NA,0.5,7,Sportsbet,49,289,15192631,557745232,2661902691
Tottenham Hotspur v Arsenal,Tottenham Hotspur,Arsenal,Player Assists,William Saliba,Arsenal,Tottenham Hotspur,0.5,7.5,Sportsbet,49,289,15192631,557745232,2661902683
Everton v Manchester United,Everton,Manchester United,Player Assists,Charly Alcaraz,NA,NA,0.5,3.75,Sportsbet,49,289,15192645,557876833,2662546207
Everton v Manchester United,Everton,Manchester United,Player Assists,Dwight McNeil,Everton,Manchester United,0.5,3.4,Sportsbet,49,289,15192645,557876833,2662546201
Everton v Manchester United,Everton,Manchester United,Player Assists,Harrison Armstrong,Everton,Manchester United,0.5,4.33,Sportsbet,49,289,15192645,557876833,2662546211
Everton v Manchester United,Everton,Manchester United,Player Assists,Iliman Ndiaye,Everton,Manchester United,0.5,4.33,Sportsbet,49,289,15192645,557876833,2662546200
Everton v Manchester United,Everton,Manchester United,Player Assists,Kiernan Dewsbury-Hall,Everton,Manchester United,0.5,4,Sportsbet,49,289,15192645,557876833,2662546198
Everton v Manchester United,Everton,Manchester United,Player Assists,Tyrique George,Chelsea,Everton,0.5,4.5,Sportsbet,49,289,15192645,557876833,2662546210
Everton v Manchester United,Everton,Manchester United,Player Assists,Idrissa Gueye,Everton,Manchester United,0.5,5.5,Sportsbet,49,289,15192645,557876833,2662546197
Everton v Manchester United,Everton,Manchester United,Player Assists,James Garner,Everton,Manchester United,0.5,5,Sportsbet,49,289,15192645,557876833,2662546202
Everton v Manchester United,Everton,Manchester United,Player Assists,Nathan Patterson,Everton,Manchester United,0.5,5.5,Sportsbet,49,289,15192645,557876833,2662546205
Everton v Manchester United,Everton,Manchester United,Player Assists,Beto,Everton,Manchester United,0.5,6.5,Sportsbet,49,289,15192645,557876833,2662546204
Everton v Manchester United,Everton,Manchester United,Player Assists,Merlin Rohl,NA,NA,0.5,6,Sportsbet,49,289,15192645,557876833,2662546208
Everton v Manchester United,Everton,Manchester United,Player Assists,Tim Iroegbunam,Everton,Manchester United,0.5,6.5,Sportsbet,49,289,15192645,557876833,2662546206
Everton v Manchester United,Everton,Manchester United,Player Assists,Tyler Dibling,Everton,Manchester United,0.5,6,Sportsbet,49,289,15192645,557876833,2662546209
Everton v Manchester United,Everton,Manchester United,Player Assists,Tyler Dibling,Southampton,Everton,0.5,6,Sportsbet,49,289,15192645,557876833,2662546209
Everton v Manchester United,Everton,Manchester United,Player Assists,Vitaliy Mykolenko,Everton,Manchester United,0.5,7.5,Sportsbet,49,289,15192645,557876833,2662546199
Everton v Manchester United,Everton,Manchester United,Player Assists,Thierno Barry,Everton,Manchester United,0.5,8,Sportsbet,49,289,15192645,557876833,2662546213
Everton v Manchester United,Everton,Manchester United,Player Assists,Adam Aznou,Everton,Manchester United,0.5,10,Sportsbet,49,289,15192645,557876833,2662546212
Everton v Manchester United,Everton,Manchester United,Player Assists,Michael Keane,Everton,Manchester United,0.5,10,Sportsbet,49,289,15192645,557876833,2662546196
Everton v Manchester United,Everton,Manchester United,Player Assists,S<c3><a9>amus Coleman,NA,NA,0.5,10,Sportsbet,49,289,15192645,557876833,2662546195
Everton v Manchester United,Everton,Manchester United,Player Assists,James Tarkowski,Everton,Manchester United,0.5,11,Sportsbet,49,289,15192645,557876833,2662546194
Everton v Manchester United,Everton,Manchester United,Player Assists,Jarrad Branthwaite,Everton,Manchester United,0.5,11,Sportsbet,49,289,15192645,557876833,2662546203
Everton v Manchester United,Everton,Manchester United,Player Assists,Bruno Fernandes,Manchester United,Everton,0.5,2.4,Sportsbet,49,289,15192645,557876833,2662546217
Everton v Manchester United,Everton,Manchester United,Player Assists,Amad Diallo,Manchester United,Everton,0.5,3.2,Sportsbet,49,289,15192645,557876833,2662546228
Everton v Manchester United,Everton,Manchester United,Player Assists,Bryan Mbeumo,Manchester United,Everton,0.5,3.5,Sportsbet,49,289,15192645,557876833,2662546223
Everton v Manchester United,Everton,Manchester United,Player Assists,Diogo Dalot,Manchester United,Everton,0.5,3.6,Sportsbet,49,289,15192645,557876833,2662546220
Everton v Manchester United,Everton,Manchester United,Player Assists,Jack Fletcher,Manchester United,Everton,0.5,3.4,Sportsbet,49,289,15192645,557876833,2662546234
Everton v Manchester United,Everton,Manchester United,Player Assists,Mason Mount,Manchester United,Everton,0.5,3.4,Sportsbet,49,289,15192645,557876833,2662546219
Everton v Manchester United,Everton,Manchester United,Player Assists,Matheus Cunha,Manchester United,Everton,0.5,3.5,Sportsbet,49,289,15192645,557876833,2662546224
Everton v Manchester United,Everton,Manchester United,Player Assists,Shea Lacey,Manchester United,Everton,0.5,3.4,Sportsbet,49,289,15192645,557876833,2662546233
Everton v Manchester United,Everton,Manchester United,Player Assists,Benjamin Sesko,Manchester United,Everton,0.5,4.5,Sportsbet,49,289,15192645,557876833,2662546226
Everton v Manchester United,Everton,Manchester United,Player Assists,Joshua Zirkzee,Manchester United,Everton,0.5,4.5,Sportsbet,49,289,15192645,557876833,2662546227
Everton v Manchester United,Everton,Manchester United,Player Assists,Luke Shaw,Manchester United,Everton,0.5,4.33,Sportsbet,49,289,15192645,557876833,2662546215
Everton v Manchester United,Everton,Manchester United,Player Assists,Casemiro,Manchester United,Everton,0.5,5.5,Sportsbet,49,289,15192645,557876833,2662546216
Everton v Manchester United,Everton,Manchester United,Player Assists,Manuel Ugarte,Manchester United,Everton,0.5,5.5,Sportsbet,49,289,15192645,557876833,2662546229
Everton v Manchester United,Everton,Manchester United,Player Assists,Noussair Mazraoui,Manchester United,Everton,0.5,5.5,Sportsbet,49,289,15192645,557876833,2662546222
Everton v Manchester United,Everton,Manchester United,Player Assists,Tyrell Malacia,Manchester United,Everton,0.5,5.5,Sportsbet,49,289,15192645,557876833,2662546221
Everton v Manchester United,Everton,Manchester United,Player Assists,Kobbie Mainoo,Manchester United,Everton,0.5,6,Sportsbet,49,289,15192645,557876833,2662546230
Everton v Manchester United,Everton,Manchester United,Player Assists,Leny Yoro,Manchester United,Everton,0.5,12,Sportsbet,49,289,15192645,557876833,2662546231
Everton v Manchester United,Everton,Manchester United,Player Assists,Lisandro Mart<c3><ad>nez,NA,NA,0.5,12,Sportsbet,49,289,15192645,557876833,2662546225
Everton v Manchester United,Everton,Manchester United,Player Assists,Ayden Heaven,Manchester United,Everton,0.5,13,Sportsbet,49,289,15192645,557876833,2662546232
Everton v Manchester United,Everton,Manchester United,Player Assists,Harry Maguire,Manchester United,Everton,0.5,15,Sportsbet,49,289,15192645,557876833,2662546214
Everton v Manchester United,Everton,Manchester United,Player Assists,Matthijs de Ligt,Manchester United,Everton,0.5,15,Sportsbet,49,289,15192645,557876833,2662546218
