match,home_team,away_team,market_name,team,line,over_price,under_price,agency,class_external_id,competition_external_id,event_external_id,market_id,player_id,player_id_under
Arsenal v Sunderland,Arsenal,Sunderland,Team Goals,Arsenal,0.5,1.05,8.1,Sportsbet,49,289,15114839,552687678,2636656795,2636656796
Arsenal v Sunderland,Arsenal,Sunderland,Team Goals,Arsenal,1.5,1.43,2.59,Sportsbet,49,289,15114839,552687679,2636656797,2636656798
Arsenal v Sunderland,Arsenal,Sunderland,Team Goals,Arsenal,2.5,2.46,1.48,Sportsbet,49,289,15114839,552687680,2636656799,2636656800
Arsenal v Sunderland,Arsenal,Sunderland,Team Goals,Arsenal,3.5,5.05,1.13,Sportsbet,49,289,15114839,552687681,2636656801,2636656802
Arsenal v Sunderland,Arsenal,Sunderland,Team Goals,Sunderland,0.5,2.1,1.65,Sportsbet,49,289,15114839,552687739,2636656266,2636656267
Arsenal v Sunderland,Arsenal,Sunderland,Team Goals,Sunderland,1.5,7.7,1.06,Sportsbet,49,289,15114839,552687740,2636656268,2636656269
Arsenal v Sunderland,Arsenal,Sunderland,Team Goals,Sunderland,2.5,33,1.001,Sportsbet,49,289,15114839,552687741,2636656270,2636656271
Arsenal v Sunderland,Arsenal,Sunderland,Team Goals,Sunderland,3.5,34,1.001,Sportsbet,49,289,15114839,552687742,2636656272,2636656273
Aston Villa v Brighton & Hove Albion,Aston Villa,Brighton & Hove Albion,Team Goals,Aston Villa,0.5,1.14,4.8,Sportsbet,49,289,15151926,553951126,2643204031,2643204032
Aston Villa v Brighton & Hove Albion,Aston Villa,Brighton & Hove Albion,Team Goals,Aston Villa,1.5,1.86,1.84,Sportsbet,49,289,15151926,553951127,2643204033,2643204034
Aston Villa v Brighton & Hove Albion,Aston Villa,Brighton & Hove Albion,Team Goals,Aston Villa,2.5,3.9,1.2,Sportsbet,49,289,15151926,553951128,2643204035,2643204036
Aston Villa v Brighton & Hove Albion,Aston Villa,Brighton & Hove Albion,Team Goals,Aston Villa,3.5,9.8,1.04,Sportsbet,49,289,15151926,553951129,2643204037,2643204038
Aston Villa v Brighton & Hove Albion,Aston Villa,Brighton & Hove Albion,Team Goals,Brighton & Hove Albion,0.5,1.33,2.98,Sportsbet,49,289,15151926,553951087,2643204218,2643204219
Aston Villa v Brighton & Hove Albion,Aston Villa,Brighton & Hove Albion,Team Goals,Brighton & Hove Albion,1.5,2.81,1.37,Sportsbet,49,289,15151926,553951088,2643204220,2643204221
Aston Villa v Brighton & Hove Albion,Aston Villa,Brighton & Hove Albion,Team Goals,Brighton & Hove Albion,2.5,7.6,1.06,Sportsbet,49,289,15151926,553951089,2643204222,2643204223
Aston Villa v Brighton & Hove Albion,Aston Villa,Brighton & Hove Albion,Team Goals,Brighton & Hove Albion,3.5,24,1.01,Sportsbet,49,289,15151926,553951090,2643204224,2643204225
Bournemouth v Aston Villa,Bournemouth,Aston Villa,Team Goals,Aston Villa,0.5,1.18,4.15,Sportsbet,49,289,15114827,552685771,2636646029,2636646030
Bournemouth v Aston Villa,Bournemouth,Aston Villa,Team Goals,Aston Villa,1.5,2.07,1.67,Sportsbet,49,289,15114827,552685772,2636646031,2636646032
Bournemouth v Aston Villa,Bournemouth,Aston Villa,Team Goals,Aston Villa,2.5,4.65,1.15,Sportsbet,49,289,15114827,552685773,2636646033,2636646034
Bournemouth v Aston Villa,Bournemouth,Aston Villa,Team Goals,Aston Villa,3.5,12.25,1.02,Sportsbet,49,289,15114827,552685774,2636646035,2636646036
Bournemouth v Aston Villa,Bournemouth,Aston Villa,Team Goals,Bournemouth,0.5,1.2,3.9,Sportsbet,49,289,15114827,552685824,2636645642,2636645643
Bournemouth v Aston Villa,Bournemouth,Aston Villa,Team Goals,Bournemouth,1.5,2.15,1.62,Sportsbet,49,289,15114827,552685825,2636645644,2636645645
Bournemouth v Aston Villa,Bournemouth,Aston Villa,Team Goals,Bournemouth,2.5,5.15,1.12,Sportsbet,49,289,15114827,552685826,2636645646,2636645647
Bournemouth v Aston Villa,Bournemouth,Aston Villa,Team Goals,Bournemouth,3.5,14,1.02,Sportsbet,49,289,15114827,552685827,2636645648,2636645649
Brentford v Arsenal,Brentford,Arsenal,Team Goals,Arsenal,0.5,1.11,5.5,Sportsbet,49,289,15151928,553950778,2643201599,2643201600
Brentford v Arsenal,Brentford,Arsenal,Team Goals,Arsenal,1.5,1.73,1.99,Sportsbet,49,289,15151928,553950779,2643201601,2643201602
Brentford v Arsenal,Brentford,Arsenal,Team Goals,Arsenal,2.5,3.44,1.26,Sportsbet,49,289,15151928,553950780,2643201603,2643201604
Brentford v Arsenal,Brentford,Arsenal,Team Goals,Arsenal,3.5,8.2,1.05,Sportsbet,49,289,15151928,553950781,2643201605,2643201606
Brentford v Arsenal,Brentford,Arsenal,Team Goals,Brentford,0.5,1.53,2.33,Sportsbet,49,289,15151928,553950757,2643202134,2643202135
Brentford v Arsenal,Brentford,Arsenal,Team Goals,Brentford,1.5,3.76,1.22,Sportsbet,49,289,15151928,553950758,2643202136,2643202137
Brentford v Arsenal,Brentford,Arsenal,Team Goals,Brentford,2.5,12,1.03,Sportsbet,49,289,15151928,553950759,2643202138,2643202139
Brentford v Arsenal,Brentford,Arsenal,Team Goals,Brentford,3.5,34,1.001,Sportsbet,49,289,15151928,553950760,2643202140,2643202141
Brighton & Hove Albion v Crystal Palace,Brighton & Hove Albion,Crystal Palace,Team Goals,Brighton & Hove Albion,0.5,1.15,4.65,Sportsbet,49,289,15114822,552684907,2636642281,2636642282
Brighton & Hove Albion v Crystal Palace,Brighton & Hove Albion,Crystal Palace,Team Goals,Brighton & Hove Albion,1.5,1.89,1.8,Sportsbet,49,289,15114822,552684908,2636642283,2636642284
Brighton & Hove Albion v Crystal Palace,Brighton & Hove Albion,Crystal Palace,Team Goals,Brighton & Hove Albion,2.5,4.1,1.19,Sportsbet,49,289,15114822,552684909,2636642285,2636642286
Brighton & Hove Albion v Crystal Palace,Brighton & Hove Albion,Crystal Palace,Team Goals,Brighton & Hove Albion,3.5,10.4,1.03,Sportsbet,49,289,15114822,552684910,2636642287,2636642288
Brighton & Hove Albion v Crystal Palace,Brighton & Hove Albion,Crystal Palace,Team Goals,Crystal Palace,0.5,1.34,2.97,Sportsbet,49,289,15114822,552684888,2636641552,2636641553
Brighton & Hove Albion v Crystal Palace,Brighton & Hove Albion,Crystal Palace,Team Goals,Crystal Palace,1.5,2.81,1.37,Sportsbet,49,289,15114822,552684889,2636641554,2636641555
Brighton & Hove Albion v Crystal Palace,Brighton & Hove Albion,Crystal Palace,Team Goals,Crystal Palace,2.5,7.8,1.06,Sportsbet,49,289,15114822,552684890,2636641556,2636641557
Brighton & Hove Albion v Crystal Palace,Brighton & Hove Albion,Crystal Palace,Team Goals,Crystal Palace,3.5,26,1.01,Sportsbet,49,289,15114822,552684891,2636641558,2636641559
Burnley v West Ham United,Burnley,West Ham United,Team Goals,Burnley,0.5,1.29,3.2,Sportsbet,49,289,15114820,552684354,2636639217,2636639218
Burnley v West Ham United,Burnley,West Ham United,Team Goals,Burnley,1.5,2.6,1.43,Sportsbet,49,289,15114820,552684355,2636639219,2636639220
Burnley v West Ham United,Burnley,West Ham United,Team Goals,Burnley,2.5,6.7,1.07,Sportsbet,49,289,15114820,552684356,2636639221,2636639222
Burnley v West Ham United,Burnley,West Ham United,Team Goals,Burnley,3.5,20.5,1.01,Sportsbet,49,289,15114820,552684357,2636639223,2636639224
Burnley v West Ham United,Burnley,West Ham United,Team Goals,West Ham United,0.5,1.18,4.15,Sportsbet,49,289,15114820,552684375,2636638804,2636638805
Burnley v West Ham United,Burnley,West Ham United,Team Goals,West Ham United,1.5,2.07,1.67,Sportsbet,49,289,15114820,552684376,2636638806,2636638807
Burnley v West Ham United,Burnley,West Ham United,Team Goals,West Ham United,2.5,4.7,1.14,Sportsbet,49,289,15114820,552684377,2636638808,2636638809
Burnley v West Ham United,Burnley,West Ham United,Team Goals,West Ham United,3.5,12,1.03,Sportsbet,49,289,15114820,552684378,2636638810,2636638811
Chelsea v Leeds United,Chelsea,Leeds United,Team Goals,Chelsea,0.5,1.08,6.65,Sportsbet,49,289,15151875,553942753,2643155025,2643155026
Chelsea v Leeds United,Chelsea,Leeds United,Team Goals,Chelsea,1.5,1.55,2.29,Sportsbet,49,289,15151875,553942754,2643155027,2643155028
Chelsea v Leeds United,Chelsea,Leeds United,Team Goals,Chelsea,2.5,2.83,1.37,Sportsbet,49,289,15151875,553942755,2643155029,2643155030
Chelsea v Leeds United,Chelsea,Leeds United,Team Goals,Chelsea,3.5,6.15,1.09,Sportsbet,49,289,15151875,553942756,2643155031,2643155032
Chelsea v Leeds United,Chelsea,Leeds United,Team Goals,Leeds United,0.5,1.46,2.52,Sportsbet,49,289,15151875,553942810,2643154490,2643154491
Chelsea v Leeds United,Chelsea,Leeds United,Team Goals,Leeds United,1.5,3.36,1.27,Sportsbet,49,289,15151875,553942811,2643154492,2643154493
Chelsea v Leeds United,Chelsea,Leeds United,Team Goals,Leeds United,2.5,9.9,1.04,Sportsbet,49,289,15151875,553942812,2643154494,2643154495
Chelsea v Leeds United,Chelsea,Leeds United,Team Goals,Leeds United,3.5,34,1.001,Sportsbet,49,289,15151875,553942813,2643154496,2643154497
Crystal Palace v Burnley,Crystal Palace,Burnley,Team Goals,Burnley,0.5,1.61,2.17,Sportsbet,49,289,15151929,553950894,2643202521,2643202522
Crystal Palace v Burnley,Crystal Palace,Burnley,Team Goals,Burnley,1.5,4.25,1.17,Sportsbet,49,289,15151929,553950895,2643202523,2643202524
Crystal Palace v Burnley,Crystal Palace,Burnley,Team Goals,Burnley,2.5,14.5,1.02,Sportsbet,49,289,15151929,553950896,2643202525,2643202526
Crystal Palace v Burnley,Crystal Palace,Burnley,Team Goals,Burnley,3.5,34,1.001,Sportsbet,49,289,15151929,553950897,2643202527,2643202528
Crystal Palace v Burnley,Crystal Palace,Burnley,Team Goals,Crystal Palace,0.5,1.11,5.5,Sportsbet,49,289,15151929,553950933,2643202734,2643202735
Crystal Palace v Burnley,Crystal Palace,Burnley,Team Goals,Crystal Palace,1.5,1.73,1.99,Sportsbet,49,289,15151929,553950934,2643202736,2643202737
Crystal Palace v Burnley,Crystal Palace,Burnley,Team Goals,Crystal Palace,2.5,3.42,1.26,Sportsbet,49,289,15151929,553950935,2643202738,2643202739
Crystal Palace v Burnley,Crystal Palace,Burnley,Team Goals,Crystal Palace,3.5,7.9,1.05,Sportsbet,49,289,15151929,553950936,2643202740,2643202741
Everton v Bournemouth,Everton,Bournemouth,Team Goals,Bournemouth,0.5,1.26,3.4,Sportsbet,49,289,15151897,553944960,2643165016,2643165017
Everton v Bournemouth,Everton,Bournemouth,Team Goals,Bournemouth,1.5,2.43,1.49,Sportsbet,49,289,15151897,553944961,2643165018,2643165019
Everton v Bournemouth,Everton,Bournemouth,Team Goals,Bournemouth,2.5,6.05,1.09,Sportsbet,49,289,15151897,553944962,2643165020,2643165021
Everton v Bournemouth,Everton,Bournemouth,Team Goals,Bournemouth,3.5,17.5,1.01,Sportsbet,49,289,15151897,553944963,2643165022,2643165023
Everton v Bournemouth,Everton,Bournemouth,Team Goals,Everton,0.5,1.22,3.72,Sportsbet,49,289,15151897,553944939,2643165545,2643165546
Everton v Bournemouth,Everton,Bournemouth,Team Goals,Everton,1.5,2.26,1.56,Sportsbet,49,289,15151897,553944940,2643165547,2643165548
Everton v Bournemouth,Everton,Bournemouth,Team Goals,Everton,2.5,5.45,1.11,Sportsbet,49,289,15151897,553944941,2643165549,2643165550
Everton v Bournemouth,Everton,Bournemouth,Team Goals,Everton,3.5,15,1.02,Sportsbet,49,289,15151897,553944942,2643165551,2643165552
Fulham v Everton,Fulham,Everton,Team Goals,Everton,0.5,1.43,2.59,Sportsbet,49,289,15114833,552687006,2636653017,2636653018
Fulham v Everton,Fulham,Everton,Team Goals,Everton,1.5,3.32,1.27,Sportsbet,49,289,15114833,552687007,2636653019,2636653020
Fulham v Everton,Fulham,Everton,Team Goals,Everton,2.5,9.9,1.04,Sportsbet,49,289,15114833,552687008,2636653021,2636653022
Fulham v Everton,Fulham,Everton,Team Goals,Everton,3.5,34,1.001,Sportsbet,49,289,15114833,552687009,2636653023,2636653024
Fulham v Everton,Fulham,Everton,Team Goals,Fulham,0.5,1.22,3.74,Sportsbet,49,289,15114833,552687105,2636653430,2636653431
Fulham v Everton,Fulham,Everton,Team Goals,Fulham,1.5,2.23,1.58,Sportsbet,49,289,15114833,552687106,2636653432,2636653433
Fulham v Everton,Fulham,Everton,Team Goals,Fulham,2.5,5.4,1.11,Sportsbet,49,289,15114833,552687107,2636653434,2636653435
Fulham v Everton,Fulham,Everton,Team Goals,Fulham,3.5,14.75,1.02,Sportsbet,49,289,15114833,552687108,2636653436,2636653437
Liverpool v Manchester City,Liverpool,Manchester City,Team Goals,Liverpool,0.5,1.14,4.8,Sportsbet,49,289,15114819,552684077,2636638198,2636638199
Liverpool v Manchester City,Liverpool,Manchester City,Team Goals,Liverpool,1.5,1.83,1.87,Sportsbet,49,289,15114819,552684078,2636638200,2636638201
Liverpool v Manchester City,Liverpool,Manchester City,Team Goals,Liverpool,2.5,3.84,1.2,Sportsbet,49,289,15114819,552684079,2636638202,2636638203
Liverpool v Manchester City,Liverpool,Manchester City,Team Goals,Liverpool,3.5,9.3,1.04,Sportsbet,49,289,15114819,552684080,2636638204,2636638205
Liverpool v Manchester City,Liverpool,Manchester City,Team Goals,Manchester City,0.5,1.18,4.15,Sportsbet,49,289,15114819,552684172,2636637669,2636637670
Liverpool v Manchester City,Liverpool,Manchester City,Team Goals,Manchester City,1.5,2.05,1.68,Sportsbet,49,289,15114819,552684173,2636637671,2636637672
Liverpool v Manchester City,Liverpool,Manchester City,Team Goals,Manchester City,2.5,4.65,1.15,Sportsbet,49,289,15114819,552684174,2636637673,2636637674
Liverpool v Manchester City,Liverpool,Manchester City,Team Goals,Manchester City,3.5,12,1.03,Sportsbet,49,289,15114819,552684175,2636637675,2636637676
Manchester City v Fulham,Manchester City,Fulham,Team Goals,Fulham,0.5,1.63,2.13,Sportsbet,49,289,15151919,553948514,2643187342,2643187343
Manchester City v Fulham,Manchester City,Fulham,Team Goals,Fulham,1.5,4.35,1.17,Sportsbet,49,289,15151919,553948515,2643187344,2643187345
Manchester City v Fulham,Manchester City,Fulham,Team Goals,Fulham,2.5,14.5,1.02,Sportsbet,49,289,15151919,553948516,2643187346,2643187347
Manchester City v Fulham,Manchester City,Fulham,Team Goals,Fulham,3.5,34,1.001,Sportsbet,49,289,15151919,553948517,2643187348,2643187349
Manchester City v Fulham,Manchester City,Fulham,Team Goals,Manchester City,0.5,1.04,9.5,Sportsbet,49,289,15151919,553948533,2643188077,2643188078
Manchester City v Fulham,Manchester City,Fulham,Team Goals,Manchester City,1.5,1.33,2.98,Sportsbet,49,289,15151919,553948534,2643188079,2643188080
Manchester City v Fulham,Manchester City,Fulham,Team Goals,Manchester City,2.5,2.17,1.61,Sportsbet,49,289,15151919,553948535,2643188081,2643188082
Manchester City v Fulham,Manchester City,Fulham,Team Goals,Manchester City,3.5,4.15,1.18,Sportsbet,49,289,15151919,553948536,2643188083,2643188084
Manchester United v Tottenham Hotspur,Manchester United,Tottenham Hotspur,Team Goals,Manchester United,0.5,1.06,7.7,Sportsbet,49,289,15114821,552684553,2636640077,2636640078
Manchester United v Tottenham Hotspur,Manchester United,Tottenham Hotspur,Team Goals,Manchester United,1.5,1.46,2.52,Sportsbet,49,289,15114821,552684554,2636640079,2636640080
Manchester United v Tottenham Hotspur,Manchester United,Tottenham Hotspur,Team Goals,Manchester United,2.5,2.58,1.44,Sportsbet,49,289,15114821,552684555,2636640081,2636640082
Manchester United v Tottenham Hotspur,Manchester United,Tottenham Hotspur,Team Goals,Manchester United,3.5,5.5,1.11,Sportsbet,49,289,15114821,552684556,2636640083,2636640084
Manchester United v Tottenham Hotspur,Manchester United,Tottenham Hotspur,Team Goals,Tottenham Hotspur,0.5,1.36,2.86,Sportsbet,49,289,15114821,552684514,2636640264,2636640265
Manchester United v Tottenham Hotspur,Manchester United,Tottenham Hotspur,Team Goals,Tottenham Hotspur,1.5,2.88,1.36,Sportsbet,49,289,15114821,552684515,2636640266,2636640267
Manchester United v Tottenham Hotspur,Manchester United,Tottenham Hotspur,Team Goals,Tottenham Hotspur,2.5,7.9,1.05,Sportsbet,49,289,15114821,552684516,2636640268,2636640269
Manchester United v Tottenham Hotspur,Manchester United,Tottenham Hotspur,Team Goals,Tottenham Hotspur,3.5,26,1.01,Sportsbet,49,289,15114821,552684517,2636640270,2636640271
Newcastle United v Brentford,Newcastle United,Brentford,Team Goals,Brentford,0.5,1.27,3.34,Sportsbet,49,289,15114828,552686001,2636646752,2636646753
Newcastle United v Brentford,Newcastle United,Brentford,Team Goals,Brentford,1.5,2.48,1.47,Sportsbet,49,289,15114828,552686002,2636646754,2636646755
Newcastle United v Brentford,Newcastle United,Brentford,Team Goals,Brentford,2.5,6.4,1.08,Sportsbet,49,289,15114828,552686003,2636646756,2636646757
Newcastle United v Brentford,Newcastle United,Brentford,Team Goals,Brentford,3.5,19.25,1.01,Sportsbet,49,289,15114828,552686004,2636646758,2636646759
Newcastle United v Brentford,Newcastle United,Brentford,Team Goals,Newcastle United,0.5,1.12,5.2,Sportsbet,49,289,15114828,552685900,2636646965,2636646966
Newcastle United v Brentford,Newcastle United,Brentford,Team Goals,Newcastle United,1.5,1.76,1.94,Sportsbet,49,289,15114828,552685901,2636646967,2636646968
Newcastle United v Brentford,Newcastle United,Brentford,Team Goals,Newcastle United,2.5,3.62,1.23,Sportsbet,49,289,15114828,552685902,2636646969,2636646970
Newcastle United v Brentford,Newcastle United,Brentford,Team Goals,Newcastle United,3.5,8.7,1.05,Sportsbet,49,289,15114828,552685903,2636646971,2636646972
Nottingham Forest v Wolverhampton Wanderers,Nottingham Forest,Wolverhampton Wanderers,Team Goals,Nottingham Forest,0.5,1.13,5,Sportsbet,49,289,15151920,553948906,2643189504,2643189505
Nottingham Forest v Wolverhampton Wanderers,Nottingham Forest,Wolverhampton Wanderers,Team Goals,Nottingham Forest,1.5,1.83,1.87,Sportsbet,49,289,15151920,553948907,2643189506,2643189507
Nottingham Forest v Wolverhampton Wanderers,Nottingham Forest,Wolverhampton Wanderers,Team Goals,Nottingham Forest,2.5,3.82,1.2,Sportsbet,49,289,15151920,553948908,2643189508,2643189509
Nottingham Forest v Wolverhampton Wanderers,Nottingham Forest,Wolverhampton Wanderers,Team Goals,Nottingham Forest,3.5,9,1.04,Sportsbet,49,289,15151920,553948909,2643189510,2643189511
Nottingham Forest v Wolverhampton Wanderers,Nottingham Forest,Wolverhampton Wanderers,Team Goals,Wolverhampton Wanderers,0.5,1.59,2.21,Sportsbet,49,289,15151920,553948793,2643190091,2643190092
Nottingham Forest v Wolverhampton Wanderers,Nottingham Forest,Wolverhampton Wanderers,Team Goals,Wolverhampton Wanderers,1.5,4.15,1.18,Sportsbet,49,289,15151920,553948794,2643190093,2643190094
Nottingham Forest v Wolverhampton Wanderers,Nottingham Forest,Wolverhampton Wanderers,Team Goals,Wolverhampton Wanderers,2.5,13.25,1.02,Sportsbet,49,289,15151920,553948795,2643190095,2643190096
Nottingham Forest v Wolverhampton Wanderers,Nottingham Forest,Wolverhampton Wanderers,Team Goals,Wolverhampton Wanderers,3.5,34,1.001,Sportsbet,49,289,15151920,553948796,2643190097,2643190098
Sunderland v  v Liverpool,Sunderland v ,Liverpool,Team Goals,Liverpool,0.5,1.1,5.7,Sportsbet,49,289,15151907,553946477,2643173622,2643173623
Sunderland v  v Liverpool,Sunderland v ,Liverpool,Team Goals,Liverpool,1.5,1.67,2.07,Sportsbet,49,289,15151907,553946478,2643173624,2643173625
Sunderland v  v Liverpool,Sunderland v ,Liverpool,Team Goals,Liverpool,2.5,3.26,1.28,Sportsbet,49,289,15151907,553946479,2643173626,2643173627
Sunderland v  v Liverpool,Sunderland v ,Liverpool,Team Goals,Liverpool,3.5,7.5,1.06,Sportsbet,49,289,15151907,553946480,2643173628,2643173629
Sunderland v  v Liverpool,Sunderland v ,Liverpool,Team Goals,Sunderland v ,0.5,1.49,2.43,Sportsbet,49,289,15151907,553946436,2643174035,2643174036
Sunderland v  v Liverpool,Sunderland v ,Liverpool,Team Goals,Sunderland v ,1.5,3.56,1.24,Sportsbet,49,289,15151907,553946437,2643174037,2643174038
Sunderland v  v Liverpool,Sunderland v ,Liverpool,Team Goals,Sunderland v ,2.5,10.6,1.03,Sportsbet,49,289,15151907,553946438,2643174039,2643174040
Sunderland v  v Liverpool,Sunderland v ,Liverpool,Team Goals,Sunderland v ,3.5,34,1.001,Sportsbet,49,289,15151907,553946439,2643174041,2643174042
Tottenham Hotspur v Newcastle United,Tottenham Hotspur,Newcastle United,Team Goals,Newcastle United,0.5,1.2,3.8,Sportsbet,49,289,15151881,553942971,2643156270,2643156271
Tottenham Hotspur v Newcastle United,Tottenham Hotspur,Newcastle United,Team Goals,Newcastle United,1.5,2.21,1.59,Sportsbet,49,289,15151881,553942972,2643156272,2643156273
Tottenham Hotspur v Newcastle United,Tottenham Hotspur,Newcastle United,Team Goals,Newcastle United,2.5,5.3,1.11,Sportsbet,49,289,15151881,553942973,2643156274,2643156275
Tottenham Hotspur v Newcastle United,Tottenham Hotspur,Newcastle United,Team Goals,Newcastle United,3.5,14.5,1.02,Sportsbet,49,289,15151881,553942974,2643156276,2643156277
Tottenham Hotspur v Newcastle United,Tottenham Hotspur,Newcastle United,Team Goals,Tottenham Hotspur,0.5,1.22,3.7,Sportsbet,49,289,15151881,553942896,2643156083,2643156084
Tottenham Hotspur v Newcastle United,Tottenham Hotspur,Newcastle United,Team Goals,Tottenham Hotspur,1.5,2.27,1.56,Sportsbet,49,289,15151881,553942897,2643156085,2643156086
Tottenham Hotspur v Newcastle United,Tottenham Hotspur,Newcastle United,Team Goals,Tottenham Hotspur,2.5,5.4,1.11,Sportsbet,49,289,15151881,553942898,2643156087,2643156088
Tottenham Hotspur v Newcastle United,Tottenham Hotspur,Newcastle United,Team Goals,Tottenham Hotspur,3.5,14.75,1.02,Sportsbet,49,289,15151881,553942899,2643156089,2643156090
West Ham United v Manchester United,West Ham United,Manchester United,Team Goals,Manchester United,0.5,1.09,5.95,Sportsbet,49,289,15151896,553944806,2643164073,2643164074
West Ham United v Manchester United,West Ham United,Manchester United,Team Goals,Manchester United,1.5,1.63,2.13,Sportsbet,49,289,15151896,553944807,2643164075,2643164076
West Ham United v Manchester United,West Ham United,Manchester United,Team Goals,Manchester United,2.5,3.14,1.3,Sportsbet,49,289,15151896,553944808,2643164077,2643164078
West Ham United v Manchester United,West Ham United,Manchester United,Team Goals,Manchester United,3.5,7.2,1.07,Sportsbet,49,289,15151896,553944809,2643164079,2643164080
West Ham United v Manchester United,West Ham United,Manchester United,Team Goals,West Ham United,0.5,1.31,3.08,Sportsbet,49,289,15151896,553944785,2643164808,2643164809
West Ham United v Manchester United,West Ham United,Manchester United,Team Goals,West Ham United,1.5,2.66,1.41,Sportsbet,49,289,15151896,553944786,2643164810,2643164811
West Ham United v Manchester United,West Ham United,Manchester United,Team Goals,West Ham United,2.5,6.95,1.07,Sportsbet,49,289,15151896,553944787,2643164812,2643164813
West Ham United v Manchester United,West Ham United,Manchester United,Team Goals,West Ham United,3.5,22,1.01,Sportsbet,49,289,15151896,553944788,2643164814,2643164815
Wolverhampton Wanderers v Chelsea,Wolverhampton Wanderers,Chelsea,Team Goals,Chelsea,0.5,1.08,6.3,Sportsbet,49,289,15114825,552685214,2636643771,2636643772
Wolverhampton Wanderers v Chelsea,Wolverhampton Wanderers,Chelsea,Team Goals,Chelsea,1.5,1.59,2.21,Sportsbet,49,289,15114825,552685215,2636643773,2636643774
Wolverhampton Wanderers v Chelsea,Wolverhampton Wanderers,Chelsea,Team Goals,Chelsea,2.5,3.02,1.32,Sportsbet,49,289,15114825,552685216,2636643775,2636643776
Wolverhampton Wanderers v Chelsea,Wolverhampton Wanderers,Chelsea,Team Goals,Chelsea,3.5,6.8,1.07,Sportsbet,49,289,15114825,552685217,2636643777,2636643778
Wolverhampton Wanderers v Chelsea,Wolverhampton Wanderers,Chelsea,Team Goals,Wolverhampton Wanderers,0.5,1.45,2.53,Sportsbet,49,289,15114825,552685253,2636643984,2636643985
Wolverhampton Wanderers v Chelsea,Wolverhampton Wanderers,Chelsea,Team Goals,Wolverhampton Wanderers,1.5,3.36,1.27,Sportsbet,49,289,15114825,552685254,2636643986,2636643987
Wolverhampton Wanderers v Chelsea,Wolverhampton Wanderers,Chelsea,Team Goals,Wolverhampton Wanderers,2.5,9.8,1.04,Sportsbet,49,289,15114825,552685255,2636643988,2636643989
Wolverhampton Wanderers v Chelsea,Wolverhampton Wanderers,Chelsea,Team Goals,Wolverhampton Wanderers,3.5,34,1.001,Sportsbet,49,289,15114825,552685256,2636643990,2636643991
